C:\projects\python\Anda\Stability_Java\src\main\resources\systems\Sepsis.xes,C:\projects\python\Anda\resources\models\Sepsis_1000_alpha.pnml,0.39660523149027804,0.1847024102311854,23
C:\projects\python\Anda\Stability_Java\src\main\resources\systems\Sepsis.xes,C:\projects\python\Anda\resources\models\Sepsis_1000_alpha.pnml,0.39660523149027804,0.1847024102311854,23
C:\projects\python\Anda\Stability_Java\src\main\resources\systems\Sepsis.xes,C:\projects\python\Anda\resources\models\Sepsis_1000_alpha.pnml,0.39660523149027804,0.24104736592894777,23
C:\projects\python\Anda\Stability_Java\src\main\resources\systems\Sepsis.xes,C:\projects\python\Anda\resources\models\Sepsis_1000_heuristics.pnml,0.6784117801735472,0.9099023866914524,98
C:\projects\python\Anda\Stability_Java\src\main\resources\systems\Sepsis.xes,C:\projects\python\Anda\resources\models\Sepsis_1000_inductive.pnml,0.25382928347459843,0.9999318710164926,91
C:\projects\python\Anda\Stability_Java\src\main\resources\systems\Sepsis.xes,C:\projects\python\Anda\resources\models\Sepsis_2000_alpha.pnml,0.4426050420168067,0.23947726385374474,22
C:\projects\python\Anda\Stability_Java\src\main\resources\systems\Sepsis.xes,C:\projects\python\Anda\resources\models\Sepsis_2000_heuristics.pnml,0.7071540407081778,0.9139283477291045,111
C:\projects\python\Anda\Stability_Java\src\main\resources\systems\Sepsis.xes,C:\projects\python\Anda\resources\models\Sepsis_2000_inductive.pnml,0.25762075419340746,1.0,89
C:\projects\python\Anda\Stability_Java\src\main\resources\systems\Sepsis.xes,C:\projects\python\Anda\resources\models\Sepsis_4000_alpha.pnml,0.4426422388436003,0.26588961197193384,22
C:\projects\python\Anda\Stability_Java\src\main\resources\systems\Sepsis.xes,C:\projects\python\Anda\resources\models\Sepsis_4000_heuristics.pnml,0.7811300424270995,0.8945615359840644,117
C:\projects\python\Anda\Stability_Java\src\main\resources\systems\Sepsis.xes,C:\projects\python\Anda\resources\models\Sepsis_4000_inductive.pnml,0.25762075419340746,1.0,89
C:\projects\python\Anda\Stability_Java\src\main\resources\systems\Sepsis.xes,C:\projects\python\Anda\resources\models\Sepsis_10000_alpha.pnml,0.4426422388436003,0.26588961197193384,22
C:\projects\python\Anda\Stability_Java\src\main\resources\systems\Sepsis.xes,C:\projects\python\Anda\resources\models\Sepsis_10000_heuristics.pnml,0.7044386711624564,0.8982320157909803,107
C:\projects\python\Anda\Stability_Java\src\main\resources\systems\Sepsis.xes,C:\projects\python\Anda\resources\models\Sepsis_10000_inductive.pnml,0.25762075419340746,1.0,89
C:\projects\python\Anda\Stability_Java\src\main\resources\systems\Sepsis.xes,C:\projects\python\Anda\resources\models\Sepsis_20000_alpha.pnml,0.4426422388436003,0.26588961197193384,22
C:\projects\python\Anda\Stability_Java\src\main\resources\systems\Sepsis.xes,C:\projects\python\Anda\resources\models\Sepsis_20000_heuristics.pnml,0.7033112582781457,0.8973853605493712,107
C:\projects\python\Anda\Stability_Java\src\main\resources\systems\Sepsis.xes,C:\projects\python\Anda\resources\models\Sepsis_20000_inductive.pnml,0.25762075419340746,1.0,89
C:\projects\python\Anda\Stability_Java\src\main\resources\systems\Sepsis.xes,C:\projects\python\Anda\resources\models\Sepsis_40000_alpha.pnml,0.4426422388436003,0.26588961197193384,22
C:\projects\python\Anda\Stability_Java\src\main\resources\systems\Sepsis.xes,C:\projects\python\Anda\resources\models\Sepsis_40000_heuristics.pnml,0.7033112582781457,0.89721291069021,107
C:\projects\python\Anda\Stability_Java\src\main\resources\systems\Sepsis.xes,C:\projects\python\Anda\resources\models\Sepsis_40000_inductive.pnml,0.25762075419340746,1.0,89
C:\projects\python\Anda\Stability_Java\src\main\resources\systems\Sepsis.xes,C:\projects\python\Anda\resources\models\Sepsis_100000_alpha.pnml,0.4426422388436003,0.26588961197193384,22
C:\projects\python\Anda\Stability_Java\src\main\resources\systems\Sepsis.xes,C:\projects\python\Anda\resources\models\Sepsis_100000_heuristics.pnml,0.7044386711624564,0.8967715521747265,107
C:\projects\python\Anda\Stability_Java\src\main\resources\systems\Sepsis.xes,C:\projects\python\Anda\resources\models\Sepsis_100000_inductive.pnml,0.25762075419340746,1.0,89
C:\projects\python\Anda\Stability_Java\src\main\resources\systems\RTFMS.xes,C:\projects\python\Anda\resources\models\RTFMS_1000_alpha.pnml,0.8835244774006253,0.6960316341571908,27
C:\projects\python\Anda\Stability_Java\src\main\resources\systems\RTFMS.xes,C:\projects\python\Anda\resources\models\RTFMS_1000_heuristics.pnml,0.9954366694077896,0.9158026519749201,52
C:\projects\python\Anda\Stability_Java\src\main\resources\systems\RTFMS.xes,C:\projects\python\Anda\resources\models\RTFMS_1000_inductive.pnml,0.7213861255051206,0.9997972130475645,47
C:\projects\python\Anda\Stability_Java\src\main\resources\systems\RTFMS.xes,C:\projects\python\Anda\resources\models\RTFMS_2000_alpha.pnml,0.8836570684555235,0.6959373295256057,27
C:\projects\python\Anda\Stability_Java\src\main\resources\systems\RTFMS.xes,C:\projects\python\Anda\resources\models\RTFMS_2000_heuristics.pnml,0.9991609884341456,0.9197858238470801,63
C:\projects\python\Anda\Stability_Java\src\main\resources\systems\RTFMS.xes,C:\projects\python\Anda\resources\models\RTFMS_2000_inductive.pnml,0.7169875880359537,0.9998994192250477,54
C:\projects\python\Anda\Stability_Java\src\main\resources\systems\RTFMS.xes,C:\projects\python\Anda\resources\models\RTFMS_4000_alpha.pnml,0.6670924720994127,0.5885383623831411,28
C:\projects\python\Anda\Stability_Java\src\main\resources\systems\RTFMS.xes,C:\projects\python\Anda\resources\models\RTFMS_4000_heuristics.pnml,0.9990482645014008,0.9247681536533974,65
C:\projects\python\Anda\Stability_Java\src\main\resources\systems\RTFMS.xes,C:\projects\python\Anda\resources\models\RTFMS_4000_inductive.pnml,0.5080716510099244,0.9999926744488439,55
C:\projects\python\Anda\Stability_Java\src\main\resources\systems\RTFMS.xes,C:\projects\python\Anda\resources\models\RTFMS_10000_alpha.pnml,0.6670924720994127,0.5131030567843882,29
C:\projects\python\Anda\Stability_Java\src\main\resources\systems\RTFMS.xes,C:\projects\python\Anda\resources\models\RTFMS_10000_heuristics.pnml,0.9990656676664239,0.926128847386092,61
C:\projects\python\Anda\Stability_Java\src\main\resources\systems\RTFMS.xes,C:\projects\python\Anda\resources\models\RTFMS_10000_inductive.pnml,0.5080716510099244,0.9999929720344072,47
C:\projects\python\Anda\Stability_Java\src\main\resources\systems\RTFMS.xes,C:\projects\python\Anda\resources\models\RTFMS_20000_alpha.pnml,0.8893917758164327,0.6828569077359721,24
C:\projects\python\Anda\Stability_Java\src\main\resources\systems\RTFMS.xes,C:\projects\python\Anda\resources\models\RTFMS_20000_heuristics.pnml,0.9995326154869806,0.9265784756431872,57
C:\projects\python\Anda\Stability_Java\src\main\resources\systems\RTFMS.xes,C:\projects\python\Anda\resources\models\RTFMS_20000_inductive.pnml,0.5084558041268927,1.0,50
C:\projects\python\Anda\Stability_Java\src\main\resources\systems\RTFMS.xes,C:\projects\python\Anda\resources\models\RTFMS_40000_alpha.pnml,0.9099850232702951,0.6555048073980039,25
C:\projects\python\Anda\Stability_Java\src\main\resources\systems\RTFMS.xes,C:\projects\python\Anda\resources\models\RTFMS_40000_heuristics.pnml,0.9995231174493596,0.9253216793083646,60
C:\projects\python\Anda\Stability_Java\src\main\resources\systems\RTFMS.xes,C:\projects\python\Anda\resources\models\RTFMS_40000_inductive.pnml,0.5822571293026197,1.0,63
C:\projects\python\Anda\Stability_Java\src\main\resources\systems\RTFMS.xes,C:\projects\python\Anda\resources\models\RTFMS_100000_alpha.pnml,0.6483416680689444,0.6531285869931087,23
C:\projects\python\Anda\Stability_Java\src\main\resources\systems\RTFMS.xes,C:\projects\python\Anda\resources\models\RTFMS_100000_heuristics.pnml,0.9913625082917359,0.9223769827896395,65
C:\projects\python\Anda\Stability_Java\src\main\resources\systems\RTFMS.xes,C:\projects\python\Anda\resources\models\RTFMS_100000_inductive.pnml,0.582254467257236,1.0,67
C:\projects\python\Anda\Stability_Java\src\main\resources\systems\BPIC2012.xes,C:\projects\python\Anda\resources\models\BPIC2012_1000_alpha.pnml,0.10502453133720147,0.5586479208127507,34
C:\projects\python\Anda\Stability_Java\src\main\resources\systems\BPIC2012.xes,C:\projects\python\Anda\resources\models\BPIC2012_1000_heuristics.pnml,0.31680960428053606,0.9836055030938811,110
C:\projects\python\Anda\Stability_Java\src\main\resources\systems\BPIC2012.xes,C:\projects\python\Anda\resources\models\BPIC2012_1000_inductive.pnml,0.11942584566005221,0.9924424132543646,133
C:\projects\python\Anda\Stability_Java\src\main\resources\systems\BPIC2012.xes,C:\projects\python\Anda\resources\models\BPIC2012_2000_alpha.pnml,0.10502453133720147,0.5586479208127507,34
C:\projects\python\Anda\Stability_Java\src\main\resources\systems\BPIC2012.xes,C:\projects\python\Anda\resources\models\BPIC2012_2000_heuristics.pnml,0.29748148088602355,0.9822255027715899,104
C:\projects\python\Anda\Stability_Java\src\main\resources\systems\BPIC2012.xes,C:\projects\python\Anda\resources\models\BPIC2012_2000_inductive.pnml,0.1298022126247832,0.9671744095013992,134
C:\projects\python\Anda\Stability_Java\src\main\resources\systems\BPIC2012.xes,C:\projects\python\Anda\resources\models\BPIC2012_4000_alpha.pnml,0.10502453133720147,0.5586479208127507,34
C:\projects\python\Anda\Stability_Java\src\main\resources\systems\BPIC2012.xes,C:\projects\python\Anda\resources\models\BPIC2012_4000_heuristics.pnml,0.27282145749793985,0.9793070566167426,121
C:\projects\python\Anda\Stability_Java\src\main\resources\systems\BPIC2012.xes,C:\projects\python\Anda\resources\models\BPIC2012_4000_inductive.pnml,0.1298022126247832,0.9671740112742657,135
C:\projects\python\Anda\Stability_Java\src\main\resources\systems\BPIC2012.xes,C:\projects\python\Anda\resources\models\BPIC2012_10000_alpha.pnml,0.10502453133720147,0.5586479208127507,34
C:\projects\python\Anda\Stability_Java\src\main\resources\systems\BPIC2012.xes,C:\projects\python\Anda\resources\models\BPIC2012_10000_heuristics.pnml,0.27517482019142436,0.9793004283669808,118
C:\projects\python\Anda\Stability_Java\src\main\resources\systems\BPIC2012.xes,C:\projects\python\Anda\resources\models\BPIC2012_10000_inductive.pnml,0.1298022126247832,0.9679228728028662,133
C:\projects\python\Anda\Stability_Java\src\main\resources\systems\BPIC2012.xes,C:\projects\python\Anda\resources\models\BPIC2012_20000_alpha.pnml,0.10502453133720147,0.5586479208127507,34
C:\projects\python\Anda\Stability_Java\src\main\resources\systems\BPIC2012.xes,C:\projects\python\Anda\resources\models\BPIC2012_20000_heuristics.pnml,0.27517482019142436,0.9793006450606855,121
C:\projects\python\Anda\Stability_Java\src\main\resources\systems\BPIC2012.xes,C:\projects\python\Anda\resources\models\BPIC2012_20000_inductive.pnml,0.12905195828600968,0.973429613099393,132
C:\projects\python\Anda\Stability_Java\src\main\resources\systems\BPIC2012.xes,C:\projects\python\Anda\resources\models\BPIC2012_40000_alpha.pnml,0.10502453133720147,0.5586479208127507,34
C:\projects\python\Anda\Stability_Java\src\main\resources\systems\BPIC2012.xes,C:\projects\python\Anda\resources\models\BPIC2012_40000_heuristics.pnml,0.37292264763489036,0.9793611034501402,121
C:\projects\python\Anda\Stability_Java\src\main\resources\systems\BPIC2012.xes,C:\projects\python\Anda\resources\models\BPIC2012_40000_inductive.pnml,0.12905195828600968,0.973429613099393,132
C:\projects\python\Anda\Stability_Java\src\main\resources\systems\BPIC2012.xes,C:\projects\python\Anda\resources\models\BPIC2012_100000_alpha.pnml,0.10502453133720147,0.5586479208127507,34
C:\projects\python\Anda\Stability_Java\src\main\resources\systems\BPIC2012.xes,C:\projects\python\Anda\resources\models\BPIC2012_100000_heuristics.pnml,0.2697677239691565,0.9755712216657257,123
C:\projects\python\Anda\Stability_Java\src\main\resources\systems\BPIC2012.xes,C:\projects\python\Anda\resources\models\BPIC2012_100000_inductive.pnml,0.12905195828600968,0.973429613099393,132
C:\projects\python\Anda\Stability_Java\src\main\resources\systems\Sepsis.xes,C:\projects\python\Anda\resources\models\Sepsis_1000_MIXED_0.2_5_alpha.pnml,0.3152267632350405,0.18034750850267933,21
C:\projects\python\Anda\Stability_Java\src\main\resources\systems\Sepsis.xes,C:\projects\python\Anda\resources\models\Sepsis_1000_MIXED_0.2_5_heuristics.pnml,0.6784117801735472,0.9099023866914524,98
C:\projects\python\Anda\Stability_Java\src\main\resources\systems\Sepsis.xes,C:\projects\python\Anda\resources\models\Sepsis_1000_MIXED_0.2_5_inductive.pnml,0.2526562699583125,0.9999339861074006,96
C:\projects\python\Anda\Stability_Java\src\main\resources\systems\BPIC2012.xes,C:\projects\python\Anda\resources\models\BPIC2012_10000_ORDERING_1.0_2_alpha.pnml,0.045454545454545414,0.30297281129450154,39
C:\projects\python\Anda\Stability_Java\src\main\resources\systems\BPIC2012.xes,C:\projects\python\Anda\resources\models\BPIC2012_10000_ORDERING_1.0_2_heuristics.pnml,0.298097440913206,0.9784023529551248,133
C:\projects\python\Anda\Stability_Java\src\main\resources\systems\BPIC2012.xes,C:\projects\python\Anda\resources\models\BPIC2012_10000_ORDERING_1.0_2_inductive.pnml,0.09302771348553562,0.9986587388486324,82
C:\projects\python\Anda\Stability_Java\src\main\resources\systems\RTFMS.xes,C:\projects\python\Anda\resources\models\RTFMS_100000_INSERTION_10.0_3_alpha.pnml,0.0001279590531030328,0.422482580355136,4495
C:\projects\python\Anda\Stability_Java\src\main\resources\systems\RTFMS.xes,C:\projects\python\Anda\resources\models\RTFMS_100000_INSERTION_10.0_3_heuristics.pnml,0.0014102952124993573,0.9413601989312325,4894
C:\projects\python\Anda\Stability_Java\src\main\resources\systems\RTFMS.xes,C:\projects\python\Anda\resources\models\RTFMS_100000_INSERTION_10.0_3_inductive.pnml,0.001961145212220239,1.0,4658
C:\projects\python\Anda\Stability_Java\src\main\resources\systems\Sepsis.xes,C:\projects\python\Anda\resources\models\Sepsis_1000_MIXED_0.1_4_alpha.pnml,0.39660523149027804,0.24104736592894777,23
C:\projects\python\Anda\Stability_Java\src\main\resources\systems\Sepsis.xes,C:\projects\python\Anda\resources\models\Sepsis_1000_MIXED_0.1_4_heuristics.pnml,0.6784117801735472,0.9099023866914524,98
C:\projects\python\Anda\Stability_Java\src\main\resources\systems\Sepsis.xes,C:\projects\python\Anda\resources\models\Sepsis_1000_MIXED_0.1_4_inductive.pnml,0.2538721126432769,0.9999416039449582,92
C:\projects\python\Anda\Stability_Java\src\main\resources\systems\BPIC2012.xes,C:\projects\python\Anda\resources\models\BPIC2012_40000_MIXED_0.2_1_alpha.pnml,0.0,0.2848618140867734,54
C:\projects\python\Anda\Stability_Java\src\main\resources\systems\BPIC2012.xes,C:\projects\python\Anda\resources\models\BPIC2012_40000_MIXED_0.2_1_heuristics.pnml,0.27215498454109877,0.9809294544655072,155
C:\projects\python\Anda\Stability_Java\src\main\resources\systems\BPIC2012.xes,C:\projects\python\Anda\resources\models\BPIC2012_40000_MIXED_0.2_1_inductive.pnml,0.06525465303089695,1.0,201
C:\projects\python\Anda\Stability_Java\src\main\resources\systems\RTFMS.xes,C:\projects\python\Anda\resources\models\RTFMS_100000_ABSENCE_10.0_4_alpha.pnml,0.16666666666666663,0.5983632727385422,27
C:\projects\python\Anda\Stability_Java\src\main\resources\systems\RTFMS.xes,C:\projects\python\Anda\resources\models\RTFMS_100000_ABSENCE_10.0_4_heuristics.pnml,0.603614790649952,0.9321773945495639,78
C:\projects\python\Anda\Stability_Java\src\main\resources\systems\RTFMS.xes,C:\projects\python\Anda\resources\models\RTFMS_100000_ABSENCE_10.0_4_inductive.pnml,0.41459041068084246,1.0,70
C:\projects\python\Anda\Stability_Java\src\main\resources\systems\Sepsis.xes,C:\projects\python\Anda\resources\models\Sepsis_100000_ABSENCE_10.0_4_alpha.pnml,0.4439746300211417,0.28588407826879625,25
C:\projects\python\Anda\Stability_Java\src\main\resources\systems\Sepsis.xes,C:\projects\python\Anda\resources\models\Sepsis_100000_ABSENCE_10.0_4_heuristics.pnml,0.6869518644975564,0.8856626109515454,114
C:\projects\python\Anda\Stability_Java\src\main\resources\systems\Sepsis.xes,C:\projects\python\Anda\resources\models\Sepsis_100000_ABSENCE_10.0_4_inductive.pnml,0.24474159496539272,1.0,96
C:\projects\python\Anda\Stability_Java\src\main\resources\systems\BPIC2012.xes,C:\projects\python\Anda\resources\models\BPIC2012_10000_SUBSTITUTION_4.0_3_alpha.pnml,0.002673796791443861,0.16374688712666619,231
C:\projects\python\Anda\Stability_Java\src\main\resources\systems\BPIC2012.xes,C:\projects\python\Anda\resources\models\BPIC2012_10000_SUBSTITUTION_4.0_3_heuristics.pnml,0.07739449107632512,0.9745652898671658,371
C:\projects\python\Anda\Stability_Java\src\main\resources\systems\BPIC2012.xes,C:\projects\python\Anda\resources\models\BPIC2012_10000_SUBSTITUTION_4.0_3_inductive.pnml,0.020237170451166242,1.0,477
C:\projects\python\Anda\Stability_Java\src\main\resources\systems\BPIC2012.xes,C:\projects\python\Anda\resources\models\BPIC2012_2000_MIXED_0.1_3_alpha.pnml,0.02941176470588236,0.5112589605011784,38
C:\projects\python\Anda\Stability_Java\src\main\resources\systems\BPIC2012.xes,C:\projects\python\Anda\resources\models\BPIC2012_2000_MIXED_0.1_3_heuristics.pnml,0.284964135234998,0.9827026113945148,108
C:\projects\python\Anda\Stability_Java\src\main\resources\systems\BPIC2012.xes,C:\projects\python\Anda\resources\models\BPIC2012_2000_MIXED_0.1_3_inductive.pnml,0.12353841013465106,0.9674338233816042,138
C:\projects\python\Anda\Stability_Java\src\main\resources\systems\Sepsis.xes,C:\projects\python\Anda\resources\models\Sepsis_2000_ABSENCE_0.2_2_alpha.pnml,0.4426050420168067,0.23947726385374474,22
C:\projects\python\Anda\Stability_Java\src\main\resources\systems\Sepsis.xes,C:\projects\python\Anda\resources\models\Sepsis_2000_ABSENCE_0.2_2_heuristics.pnml,0.7073244187447296,0.9138685353783417,112
C:\projects\python\Anda\Stability_Java\src\main\resources\systems\Sepsis.xes,C:\projects\python\Anda\resources\models\Sepsis_2000_ABSENCE_0.2_2_inductive.pnml,0.25762075419340746,1.0,89
C:\projects\python\Anda\Stability_Java\src\main\resources\systems\BPIC2012.xes,C:\projects\python\Anda\resources\models\BPIC2012_1000_INSERTION_10.0_4_alpha.pnml,0.007352941176470562,0.4297410565228579,91
C:\projects\python\Anda\Stability_Java\src\main\resources\systems\BPIC2012.xes,C:\projects\python\Anda\resources\models\BPIC2012_1000_INSERTION_10.0_4_heuristics.pnml,0.1718067265057469,0.9852310334620837,188
C:\projects\python\Anda\Stability_Java\src\main\resources\systems\BPIC2012.xes,C:\projects\python\Anda\resources\models\BPIC2012_1000_INSERTION_10.0_4_inductive.pnml,0.05735800969406735,0.9999048766571946,275
C:\projects\python\Anda\Stability_Java\src\main\resources\systems\RTFMS.xes,C:\projects\python\Anda\resources\models\RTFMS_20000_ABSENCE_10.0_5_alpha.pnml,0.5,0.6297079081261633,27
C:\projects\python\Anda\Stability_Java\src\main\resources\systems\RTFMS.xes,C:\projects\python\Anda\resources\models\RTFMS_20000_ABSENCE_10.0_5_heuristics.pnml,0.6717019199834231,0.9332308906455538,63
C:\projects\python\Anda\Stability_Java\src\main\resources\systems\RTFMS.xes,C:\projects\python\Anda\resources\models\RTFMS_20000_ABSENCE_10.0_5_inductive.pnml,0.4838523894789444,0.9999990793872033,41
C:\projects\python\Anda\Stability_Java\src\main\resources\systems\Sepsis.xes,C:\projects\python\Anda\resources\models\Sepsis_10000_INSERTION_2.0_5_alpha.pnml,0.03314927145952906,0.14663264113755142,119
C:\projects\python\Anda\Stability_Java\src\main\resources\systems\Sepsis.xes,C:\projects\python\Anda\resources\models\Sepsis_10000_INSERTION_2.0_5_heuristics.pnml,0.17514242627345844,0.8968162669925798,226
C:\projects\python\Anda\Stability_Java\src\main\resources\systems\Sepsis.xes,C:\projects\python\Anda\resources\models\Sepsis_10000_INSERTION_2.0_5_inductive.pnml,0.044213327226650834,1.0,283
C:\projects\python\Anda\Stability_Java\src\main\resources\systems\Sepsis.xes,C:\projects\python\Anda\resources\models\Sepsis_40000_INSERTION_2.0_5_alpha.pnml,0.007822685788787531,0.13346644456247475,421
C:\projects\python\Anda\Stability_Java\src\main\resources\systems\Sepsis.xes,C:\projects\python\Anda\resources\models\Sepsis_40000_INSERTION_2.0_5_heuristics.pnml,0.05205231472502059,0.9023286689743877,544
C:\projects\python\Anda\Stability_Java\src\main\resources\systems\Sepsis.xes,C:\projects\python\Anda\resources\models\Sepsis_40000_INSERTION_2.0_5_inductive.pnml,0.012705136533484152,1.0,604
C:\projects\python\Anda\Stability_Java\src\main\resources\systems\BPIC2012.xes,C:\projects\python\Anda\resources\models\BPIC2012_1000_INSERTION_0.4_5_alpha.pnml,0.10102207439137023,0.5138895394315857,36
C:\projects\python\Anda\Stability_Java\src\main\resources\systems\BPIC2012.xes,C:\projects\python\Anda\resources\models\BPIC2012_1000_INSERTION_0.4_5_heuristics.pnml,0.31662744889434047,0.9836166013250225,113
C:\projects\python\Anda\Stability_Java\src\main\resources\systems\BPIC2012.xes,C:\projects\python\Anda\resources\models\BPIC2012_1000_INSERTION_0.4_5_inductive.pnml,0.11908305205536951,0.992545780069169,139
C:\projects\python\Anda\Stability_Java\src\main\resources\systems\RTFMS.xes,C:\projects\python\Anda\resources\models\RTFMS_1000_ORDERING_4.0_1_alpha.pnml,0.19999999999999996,0.4232786162717886,24
C:\projects\python\Anda\Stability_Java\src\main\resources\systems\RTFMS.xes,C:\projects\python\Anda\resources\models\RTFMS_1000_ORDERING_4.0_1_heuristics.pnml,0.48139175969355896,0.9394384234586475,64
C:\projects\python\Anda\Stability_Java\src\main\resources\systems\RTFMS.xes,C:\projects\python\Anda\resources\models\RTFMS_1000_ORDERING_4.0_1_inductive.pnml,0.39828503505662294,0.9999079240557612,34
C:\projects\python\Anda\Stability_Java\src\main\resources\systems\Sepsis.xes,C:\projects\python\Anda\resources\models\Sepsis_4000_ABSENCE_2.0_5_alpha.pnml,0.4426422388436003,0.26588961197193384,22
C:\projects\python\Anda\Stability_Java\src\main\resources\systems\Sepsis.xes,C:\projects\python\Anda\resources\models\Sepsis_4000_ABSENCE_2.0_5_heuristics.pnml,0.7692643845593591,0.8912845330163215,114
C:\projects\python\Anda\Stability_Java\src\main\resources\systems\Sepsis.xes,C:\projects\python\Anda\resources\models\Sepsis_4000_ABSENCE_2.0_5_inductive.pnml,0.2475336831655084,1.0,95
C:\projects\python\Anda\Stability_Java\src\main\resources\systems\Sepsis.xes,C:\projects\python\Anda\resources\models\Sepsis_100000_ORDERING_0.4_2_alpha.pnml,0.3126861226920786,0.1712798931726086,25
C:\projects\python\Anda\Stability_Java\src\main\resources\systems\Sepsis.xes,C:\projects\python\Anda\resources\models\Sepsis_100000_ORDERING_0.4_2_heuristics.pnml,0.5991537376586742,0.9009589347093534,113
C:\projects\python\Anda\Stability_Java\src\main\resources\systems\Sepsis.xes,C:\projects\python\Anda\resources\models\Sepsis_100000_ORDERING_0.4_2_inductive.pnml,0.2687859840277348,1.0,91
C:\projects\python\Anda\Stability_Java\src\main\resources\systems\RTFMS.xes,C:\projects\python\Anda\resources\models\RTFMS_4000_SUBSTITUTION_0.2_3_alpha.pnml,0.1428577535534894,0.4736755792947112,26
C:\projects\python\Anda\Stability_Java\src\main\resources\systems\RTFMS.xes,C:\projects\python\Anda\resources\models\RTFMS_4000_SUBSTITUTION_0.2_3_heuristics.pnml,0.4461235464295079,0.9316262214633008,73
C:\projects\python\Anda\Stability_Java\src\main\resources\systems\RTFMS.xes,C:\projects\python\Anda\resources\models\RTFMS_4000_SUBSTITUTION_0.2_3_inductive.pnml,0.3705715899102474,0.999955742567439,61
C:\projects\python\Anda\Stability_Java\src\main\resources\systems\Sepsis.xes,C:\projects\python\Anda\resources\models\Sepsis_4000_SUBSTITUTION_2.0_1_alpha.pnml,0.07480613017412474,0.15073077874785434,60
C:\projects\python\Anda\Stability_Java\src\main\resources\systems\Sepsis.xes,C:\projects\python\Anda\resources\models\Sepsis_4000_SUBSTITUTION_2.0_1_heuristics.pnml,0.30403669724770643,0.8818416561511508,172
C:\projects\python\Anda\Stability_Java\src\main\resources\systems\Sepsis.xes,C:\projects\python\Anda\resources\models\Sepsis_4000_SUBSTITUTION_2.0_1_inductive.pnml,0.07425800709018282,1.0,206
C:\projects\python\Anda\Stability_Java\src\main\resources\systems\Sepsis.xes,C:\projects\python\Anda\resources\models\Sepsis_40000_ABSENCE_0.2_3_alpha.pnml,0.4426422388436003,0.26588961197193384,22
C:\projects\python\Anda\Stability_Java\src\main\resources\systems\Sepsis.xes,C:\projects\python\Anda\resources\models\Sepsis_40000_ABSENCE_0.2_3_heuristics.pnml,0.7044386711624564,0.8972414060726303,107
C:\projects\python\Anda\Stability_Java\src\main\resources\systems\Sepsis.xes,C:\projects\python\Anda\resources\models\Sepsis_40000_ABSENCE_0.2_3_inductive.pnml,0.2475336831655084,1.0,95
C:\projects\python\Anda\Stability_Java\src\main\resources\systems\BPIC2012.xes,C:\projects\python\Anda\resources\models\BPIC2012_4000_MIXED_1.0_1_alpha.pnml,0.0,0.33268140038395955,48
C:\projects\python\Anda\Stability_Java\src\main\resources\systems\BPIC2012.xes,C:\projects\python\Anda\resources\models\BPIC2012_4000_MIXED_1.0_1_heuristics.pnml,0.22968126800654076,0.9807555929129034,146
C:\projects\python\Anda\Stability_Java\src\main\resources\systems\BPIC2012.xes,C:\projects\python\Anda\resources\models\BPIC2012_4000_MIXED_1.0_1_inductive.pnml,0.0790182459498292,0.9999774136619077,206
C:\projects\python\Anda\Stability_Java\src\main\resources\systems\RTFMS.xes,C:\projects\python\Anda\resources\models\RTFMS_100000_INSERTION_1.0_5_alpha.pnml,0.0012345679012345512,0.4208575928091651,485
C:\projects\python\Anda\Stability_Java\src\main\resources\systems\RTFMS.xes,C:\projects\python\Anda\resources\models\RTFMS_100000_INSERTION_1.0_5_heuristics.pnml,0.014232875155114844,0.9477410248788672,598
C:\projects\python\Anda\Stability_Java\src\main\resources\systems\RTFMS.xes,C:\projects\python\Anda\resources\models\RTFMS_100000_INSERTION_1.0_5_inductive.pnml,0.01719995876807101,1.0,608
C:\projects\python\Anda\Stability_Java\src\main\resources\systems\RTFMS.xes,C:\projects\python\Anda\resources\models\RTFMS_100000_INSERTION_4.0_4_alpha.pnml,0.00031152647975074554,0.42152341626807044,1849
C:\projects\python\Anda\Stability_Java\src\main\resources\systems\RTFMS.xes,C:\projects\python\Anda\resources\models\RTFMS_100000_INSERTION_4.0_4_heuristics.pnml,0.003800914906713415,0.9453982273839932,2058
C:\projects\python\Anda\Stability_Java\src\main\resources\systems\RTFMS.xes,C:\projects\python\Anda\resources\models\RTFMS_100000_INSERTION_4.0_4_inductive.pnml,0.004561859120553069,1.0,1972
C:\projects\python\Anda\Stability_Java\src\main\resources\systems\BPIC2012.xes,C:\projects\python\Anda\resources\models\BPIC2012_4000_MIXED_4.0_2_alpha.pnml,0.009803921568627416,0.20831991483573842,76
C:\projects\python\Anda\Stability_Java\src\main\resources\systems\BPIC2012.xes,C:\projects\python\Anda\resources\models\BPIC2012_4000_MIXED_4.0_2_heuristics.pnml,0.17442112590868109,0.982610034730055,190
C:\projects\python\Anda\Stability_Java\src\main\resources\systems\BPIC2012.xes,C:\projects\python\Anda\resources\models\BPIC2012_4000_MIXED_4.0_2_inductive.pnml,0.05113356091227539,0.9999883434529175,271
C:\projects\python\Anda\Stability_Java\src\main\resources\systems\BPIC2012.xes,C:\projects\python\Anda\resources\models\BPIC2012_20000_SUBSTITUTION_1.0_2_alpha.pnml,0.0,0.2825031922276665,147
C:\projects\python\Anda\Stability_Java\src\main\resources\systems\BPIC2012.xes,C:\projects\python\Anda\resources\models\BPIC2012_20000_SUBSTITUTION_1.0_2_heuristics.pnml,0.13956357214087378,0.9697877363816807,268
C:\projects\python\Anda\Stability_Java\src\main\resources\systems\BPIC2012.xes,C:\projects\python\Anda\resources\models\BPIC2012_20000_SUBSTITUTION_1.0_2_inductive.pnml,0.03494919971975985,1.0,418
C:\projects\python\Anda\Stability_Java\src\main\resources\systems\BPIC2012.xes,C:\projects\python\Anda\resources\models\BPIC2012_10000_ORDERING_4.0_4_alpha.pnml,0.04166666666666663,0.21414403934957504,39
C:\projects\python\Anda\Stability_Java\src\main\resources\systems\BPIC2012.xes,C:\projects\python\Anda\resources\models\BPIC2012_10000_ORDERING_4.0_4_heuristics.pnml,0.2886206534328485,0.9807319170571728,141
C:\projects\python\Anda\Stability_Java\src\main\resources\systems\BPIC2012.xes,C:\projects\python\Anda\resources\models\BPIC2012_10000_ORDERING_4.0_4_inductive.pnml,0.09618420639475689,0.9912718398312139,121
C:\projects\python\Anda\Stability_Java\src\main\resources\systems\BPIC2012.xes,C:\projects\python\Anda\resources\models\BPIC2012_20000_ABSENCE_1.0_1_alpha.pnml,0.032258064516129004,0.5523738655305817,37
C:\projects\python\Anda\Stability_Java\src\main\resources\systems\BPIC2012.xes,C:\projects\python\Anda\resources\models\BPIC2012_20000_ABSENCE_1.0_1_heuristics.pnml,0.3078578584769137,0.9753573308362281,132
C:\projects\python\Anda\Stability_Java\src\main\resources\systems\BPIC2012.xes,C:\projects\python\Anda\resources\models\BPIC2012_20000_ABSENCE_1.0_1_inductive.pnml,0.09280280427566234,0.9585504128946061,121
C:\projects\python\Anda\Stability_Java\src\main\resources\systems\RTFMS.xes,C:\projects\python\Anda\resources\models\RTFMS_4000_INSERTION_10.0_1_alpha.pnml,0.005165150952884834,0.4856788188975663,189
C:\projects\python\Anda\Stability_Java\src\main\resources\systems\RTFMS.xes,C:\projects\python\Anda\resources\models\RTFMS_4000_INSERTION_10.0_1_heuristics.pnml,0.03519890175327134,0.945232183250754,284
C:\projects\python\Anda\Stability_Java\src\main\resources\systems\RTFMS.xes,C:\projects\python\Anda\resources\models\RTFMS_4000_INSERTION_10.0_1_inductive.pnml,0.04190807725789314,0.9999996334350827,314
C:\projects\python\Anda\Stability_Java\src\main\resources\systems\BPIC2012.xes,C:\projects\python\Anda\resources\models\BPIC2012_40000_ABSENCE_1.0_3_alpha.pnml,0.032258064516129004,0.5575463218292243,38
C:\projects\python\Anda\Stability_Java\src\main\resources\systems\BPIC2012.xes,C:\projects\python\Anda\resources\models\BPIC2012_40000_ABSENCE_1.0_3_heuristics.pnml,0.3686083218339187,0.9770808835657954,126
C:\projects\python\Anda\Stability_Java\src\main\resources\systems\BPIC2012.xes,C:\projects\python\Anda\resources\models\BPIC2012_40000_ABSENCE_1.0_3_inductive.pnml,0.09280374845493766,0.9688576834500756,141
C:\projects\python\Anda\Stability_Java\src\main\resources\systems\RTFMS.xes,C:\projects\python\Anda\resources\models\RTFMS_40000_INSERTION_0.2_2_alpha.pnml,0.013157894736842146,0.5835512528104736,59
C:\projects\python\Anda\Stability_Java\src\main\resources\systems\RTFMS.xes,C:\projects\python\Anda\resources\models\RTFMS_40000_INSERTION_0.2_2_heuristics.pnml,0.11736423481074898,0.9458619399621361,114
C:\projects\python\Anda\Stability_Java\src\main\resources\systems\RTFMS.xes,C:\projects\python\Anda\resources\models\RTFMS_40000_INSERTION_0.2_2_inductive.pnml,0.1362364019928799,0.9999997713216283,151
C:\projects\python\Anda\Stability_Java\src\main\resources\systems\BPIC2012.xes,C:\projects\python\Anda\resources\models\BPIC2012_40000_ORDERING_0.2_2_alpha.pnml,0.045454545454545414,0.28657523472965696,38
C:\projects\python\Anda\Stability_Java\src\main\resources\systems\BPIC2012.xes,C:\projects\python\Anda\resources\models\BPIC2012_40000_ORDERING_0.2_2_heuristics.pnml,0.34945996843462956,0.977641901318185,134
C:\projects\python\Anda\Stability_Java\src\main\resources\systems\BPIC2012.xes,C:\projects\python\Anda\resources\models\BPIC2012_40000_ORDERING_0.2_2_inductive.pnml,0.10080420532603818,0.983674322100109,157
C:\projects\python\Anda\Stability_Java\src\main\resources\systems\Sepsis.xes,C:\projects\python\Anda\resources\models\Sepsis_40000_SUBSTITUTION_10.0_1_alpha.pnml,0.001683029453015461,0.12909571964249378,1878
C:\projects\python\Anda\Stability_Java\src\main\resources\systems\Sepsis.xes,C:\projects\python\Anda\resources\models\Sepsis_40000_SUBSTITUTION_10.0_1_heuristics.pnml,0.011713487887677565,0.8952404434129069,2132
C:\projects\python\Anda\Stability_Java\src\main\resources\systems\Sepsis.xes,C:\projects\python\Anda\resources\models\Sepsis_40000_SUBSTITUTION_10.0_1_inductive.pnml,0.0027947015829511423,1.0,2101
C:\projects\python\Anda\Stability_Java\src\main\resources\systems\BPIC2012.xes,C:\projects\python\Anda\resources\models\BPIC2012_100000_ABSENCE_4.0_3_alpha.pnml,0.032258064516129004,0.563414538505251,38
C:\projects\python\Anda\Stability_Java\src\main\resources\systems\BPIC2012.xes,C:\projects\python\Anda\resources\models\BPIC2012_100000_ABSENCE_4.0_3_heuristics.pnml,0.30221880130449674,0.9716766434083572,133
C:\projects\python\Anda\Stability_Java\src\main\resources\systems\BPIC2012.xes,C:\projects\python\Anda\resources\models\BPIC2012_100000_ABSENCE_4.0_3_inductive.pnml,0.11555249331607864,0.9910439085742351,111
C:\projects\python\Anda\Stability_Java\src\main\resources\systems\RTFMS.xes,C:\projects\python\Anda\resources\models\RTFMS_100000_ABSENCE_4.0_1_alpha.pnml,0.2857194427766927,0.5997061613854304,27
C:\projects\python\Anda\Stability_Java\src\main\resources\systems\RTFMS.xes,C:\projects\python\Anda\resources\models\RTFMS_100000_ABSENCE_4.0_1_heuristics.pnml,0.6953022642672068,0.9265814935803423,74
C:\projects\python\Anda\Stability_Java\src\main\resources\systems\RTFMS.xes,C:\projects\python\Anda\resources\models\RTFMS_100000_ABSENCE_4.0_1_inductive.pnml,0.41459041068084246,1.0,62
C:\projects\python\Anda\Stability_Java\src\main\resources\systems\RTFMS.xes,C:\projects\python\Anda\resources\models\RTFMS_4000_INSERTION_0.4_4_alpha.pnml,0.0,0.3484185352019539,34
C:\projects\python\Anda\Stability_Java\src\main\resources\systems\RTFMS.xes,C:\projects\python\Anda\resources\models\RTFMS_4000_INSERTION_0.4_4_heuristics.pnml,0.38452793011477715,0.9455341225528435,83
C:\projects\python\Anda\Stability_Java\src\main\resources\systems\RTFMS.xes,C:\projects\python\Anda\resources\models\RTFMS_4000_INSERTION_0.4_4_inductive.pnml,0.26842650660547496,1.0,84
C:\projects\python\Anda\Stability_Java\src\main\resources\systems\Sepsis.xes,C:\projects\python\Anda\resources\models\Sepsis_20000_ABSENCE_2.0_4_alpha.pnml,0.4439746300211417,0.2468446509069529,22
C:\projects\python\Anda\Stability_Java\src\main\resources\systems\Sepsis.xes,C:\projects\python\Anda\resources\models\Sepsis_20000_ABSENCE_2.0_4_heuristics.pnml,0.641716975340223,0.8943620202860255,109
C:\projects\python\Anda\Stability_Java\src\main\resources\systems\Sepsis.xes,C:\projects\python\Anda\resources\models\Sepsis_20000_ABSENCE_2.0_4_inductive.pnml,0.2475336831655084,1.0,95
C:\projects\python\Anda\Stability_Java\src\main\resources\systems\Sepsis.xes,C:\projects\python\Anda\resources\models\Sepsis_40000_ORDERING_1.0_4_alpha.pnml,0.3575685339690108,0.1449078747211603,24
C:\projects\python\Anda\Stability_Java\src\main\resources\systems\Sepsis.xes,C:\projects\python\Anda\resources\models\Sepsis_40000_ORDERING_1.0_4_heuristics.pnml,0.5999717527423379,0.8933938874764554,115
C:\projects\python\Anda\Stability_Java\src\main\resources\systems\Sepsis.xes,C:\projects\python\Anda\resources\models\Sepsis_40000_ORDERING_1.0_4_inductive.pnml,0.20036965857157307,1.0,97
C:\projects\python\Anda\Stability_Java\src\main\resources\systems\RTFMS.xes,C:\projects\python\Anda\resources\models\RTFMS_20000_SUBSTITUTION_10.0_5_alpha.pnml,0.0006468305304010435,0.4217879600893756,946
C:\projects\python\Anda\Stability_Java\src\main\resources\systems\RTFMS.xes,C:\projects\python\Anda\resources\models\RTFMS_20000_SUBSTITUTION_10.0_5_heuristics.pnml,0.005113222579293253,0.9305746686042247,1089
C:\projects\python\Anda\Stability_Java\src\main\resources\systems\RTFMS.xes,C:\projects\python\Anda\resources\models\RTFMS_20000_SUBSTITUTION_10.0_5_inductive.pnml,0.00800655344684964,1.0,1103
C:\projects\python\Anda\Stability_Java\src\main\resources\systems\Sepsis.xes,C:\projects\python\Anda\resources\models\Sepsis_10000_ABSENCE_10.0_4_alpha.pnml,0.4439746300211417,0.2713113947849354,23
C:\projects\python\Anda\Stability_Java\src\main\resources\systems\Sepsis.xes,C:\projects\python\Anda\resources\models\Sepsis_10000_ABSENCE_10.0_4_heuristics.pnml,0.6862627073301231,0.8872206384052985,114
C:\projects\python\Anda\Stability_Java\src\main\resources\systems\Sepsis.xes,C:\projects\python\Anda\resources\models\Sepsis_10000_ABSENCE_10.0_4_inductive.pnml,0.2475336831655084,1.0,95
C:\projects\python\Anda\Stability_Java\src\main\resources\systems\Sepsis.xes,C:\projects\python\Anda\resources\models\Sepsis_1000_MIXED_1.0_5_alpha.pnml,0.3012122711528946,0.17165979699555223,21
C:\projects\python\Anda\Stability_Java\src\main\resources\systems\Sepsis.xes,C:\projects\python\Anda\resources\models\Sepsis_1000_MIXED_1.0_5_heuristics.pnml,0.6340935902477389,0.9099023866914524,100
C:\projects\python\Anda\Stability_Java\src\main\resources\systems\Sepsis.xes,C:\projects\python\Anda\resources\models\Sepsis_1000_MIXED_1.0_5_inductive.pnml,0.26363482437932306,0.9999182277426863,105
C:\projects\python\Anda\Stability_Java\src\main\resources\systems\RTFMS.xes,C:\projects\python\Anda\resources\models\RTFMS_10000_MIXED_1.0_5_alpha.pnml,0.027027027027026973,0.47433465852417994,37
C:\projects\python\Anda\Stability_Java\src\main\resources\systems\RTFMS.xes,C:\projects\python\Anda\resources\models\RTFMS_10000_MIXED_1.0_5_heuristics.pnml,0.1846900471385643,0.9463968701057702,103
C:\projects\python\Anda\Stability_Java\src\main\resources\systems\RTFMS.xes,C:\projects\python\Anda\resources\models\RTFMS_10000_MIXED_1.0_5_inductive.pnml,0.19157609731836134,0.9999926364776275,122
C:\projects\python\Anda\Stability_Java\src\main\resources\systems\BPIC2012.xes,C:\projects\python\Anda\resources\models\BPIC2012_40000_SUBSTITUTION_0.4_2_alpha.pnml,0.0,0.2787452037051697,119
C:\projects\python\Anda\Stability_Java\src\main\resources\systems\BPIC2012.xes,C:\projects\python\Anda\resources\models\BPIC2012_40000_SUBSTITUTION_0.4_2_heuristics.pnml,0.1530727277596331,0.9718975028115744,236
C:\projects\python\Anda\Stability_Java\src\main\resources\systems\BPIC2012.xes,C:\projects\python\Anda\resources\models\BPIC2012_40000_SUBSTITUTION_0.4_2_inductive.pnml,0.0377205064512901,1.0,325
C:\projects\python\Anda\Stability_Java\src\main\resources\systems\BPIC2012.xes,C:\projects\python\Anda\resources\models\BPIC2012_20000_MIXED_10.0_3_alpha.pnml,0.0010256410256410664,0.09883092334070076,550
C:\projects\python\Anda\Stability_Java\src\main\resources\systems\BPIC2012.xes,C:\projects\python\Anda\resources\models\BPIC2012_20000_MIXED_10.0_3_heuristics.pnml,0.03488395829485247,0.9759584102650782,775
C:\projects\python\Anda\Stability_Java\src\main\resources\systems\BPIC2012.xes,C:\projects\python\Anda\resources\models\BPIC2012_20000_MIXED_10.0_3_inductive.pnml,0.00948308250412977,1.0,898
C:\projects\python\Anda\Stability_Java\src\main\resources\systems\Sepsis.xes,C:\projects\python\Anda\resources\models\Sepsis_100000_ABSENCE_0.4_4_alpha.pnml,0.4439746300211417,0.2468446509069529,22
C:\projects\python\Anda\Stability_Java\src\main\resources\systems\Sepsis.xes,C:\projects\python\Anda\resources\models\Sepsis_100000_ABSENCE_0.4_4_heuristics.pnml,0.6302670623145401,0.89721291069021,109
C:\projects\python\Anda\Stability_Java\src\main\resources\systems\Sepsis.xes,C:\projects\python\Anda\resources\models\Sepsis_100000_ABSENCE_0.4_4_inductive.pnml,0.2475336831655084,1.0,95
C:\projects\python\Anda\Stability_Java\src\main\resources\systems\RTFMS.xes,C:\projects\python\Anda\resources\models\RTFMS_40000_SUBSTITUTION_10.0_2_alpha.pnml,0.000310269934843288,0.422482580355136,1936
C:\projects\python\Anda\Stability_Java\src\main\resources\systems\RTFMS.xes,C:\projects\python\Anda\resources\models\RTFMS_40000_SUBSTITUTION_10.0_2_heuristics.pnml,0.0031345028062826907,0.935973391178176,2179
C:\projects\python\Anda\Stability_Java\src\main\resources\systems\RTFMS.xes,C:\projects\python\Anda\resources\models\RTFMS_40000_SUBSTITUTION_10.0_2_inductive.pnml,0.0038904796070904357,1.0,2089
C:\projects\python\Anda\Stability_Java\src\main\resources\systems\BPIC2012.xes,C:\projects\python\Anda\resources\models\BPIC2012_1000_MIXED_2.0_4_alpha.pnml,0.02564102564102566,0.5200813740929492,41
C:\projects\python\Anda\Stability_Java\src\main\resources\systems\BPIC2012.xes,C:\projects\python\Anda\resources\models\BPIC2012_1000_MIXED_2.0_4_heuristics.pnml,0.2884450243758868,0.9841114970842896,123
C:\projects\python\Anda\Stability_Java\src\main\resources\systems\BPIC2012.xes,C:\projects\python\Anda\resources\models\BPIC2012_1000_MIXED_2.0_4_inductive.pnml,0.08452693042356241,0.9999629629063598,178
C:\projects\python\Anda\Stability_Java\src\main\resources\systems\BPIC2012.xes,C:\projects\python\Anda\resources\models\BPIC2012_2000_SUBSTITUTION_4.0_5_alpha.pnml,0.00877192982456143,0.39586286702165724,79
C:\projects\python\Anda\Stability_Java\src\main\resources\systems\BPIC2012.xes,C:\projects\python\Anda\resources\models\BPIC2012_2000_SUBSTITUTION_4.0_5_heuristics.pnml,0.1781157572932902,0.9827652057376943,163
C:\projects\python\Anda\Stability_Java\src\main\resources\systems\BPIC2012.xes,C:\projects\python\Anda\resources\models\BPIC2012_2000_SUBSTITUTION_4.0_5_inductive.pnml,0.05230990313501127,0.99997301495347,258
C:\projects\python\Anda\Stability_Java\src\main\resources\systems\RTFMS.xes,C:\projects\python\Anda\resources\models\RTFMS_10000_SUBSTITUTION_2.0_3_alpha.pnml,0.006172839506172867,0.47498380203962015,116
C:\projects\python\Anda\Stability_Java\src\main\resources\systems\RTFMS.xes,C:\projects\python\Anda\resources\models\RTFMS_10000_SUBSTITUTION_2.0_3_heuristics.pnml,0.04334145216914498,0.9359475270725541,199
C:\projects\python\Anda\Stability_Java\src\main\resources\systems\RTFMS.xes,C:\projects\python\Anda\resources\models\RTFMS_10000_SUBSTITUTION_2.0_3_inductive.pnml,0.05944032259716381,0.99999128499462,211
C:\projects\python\Anda\Stability_Java\src\main\resources\systems\RTFMS.xes,C:\projects\python\Anda\resources\models\RTFMS_100000_ABSENCE_2.0_2_alpha.pnml,0.2857115715456878,0.6406532187867311,26
C:\projects\python\Anda\Stability_Java\src\main\resources\systems\RTFMS.xes,C:\projects\python\Anda\resources\models\RTFMS_100000_ABSENCE_2.0_2_heuristics.pnml,0.7157312159410937,0.9350228877579767,74
C:\projects\python\Anda\Stability_Java\src\main\resources\systems\RTFMS.xes,C:\projects\python\Anda\resources\models\RTFMS_100000_ABSENCE_2.0_2_inductive.pnml,0.41459041068084246,1.0,65
C:\projects\python\Anda\Stability_Java\src\main\resources\systems\BPIC2012.xes,C:\projects\python\Anda\resources\models\BPIC2012_20000_ORDERING_10.0_1_alpha.pnml,0.0,0.242725560943453,55
C:\projects\python\Anda\Stability_Java\src\main\resources\systems\BPIC2012.xes,C:\projects\python\Anda\resources\models\BPIC2012_20000_ORDERING_10.0_1_heuristics.pnml,0.31927301542590325,0.9681872782918957,160
C:\projects\python\Anda\Stability_Java\src\main\resources\systems\BPIC2012.xes,C:\projects\python\Anda\resources\models\BPIC2012_20000_ORDERING_10.0_1_inductive.pnml,0.09164891796464214,0.9999984481194699,106
C:\projects\python\Anda\Stability_Java\src\main\resources\systems\Sepsis.xes,C:\projects\python\Anda\resources\models\Sepsis_10000_INSERTION_4.0_1_alpha.pnml,0.01730583352285653,0.14681408165339815,216
C:\projects\python\Anda\Stability_Java\src\main\resources\systems\Sepsis.xes,C:\projects\python\Anda\resources\models\Sepsis_10000_INSERTION_4.0_1_heuristics.pnml,0.10442050063501163,0.8987785754212063,339
C:\projects\python\Anda\Stability_Java\src\main\resources\systems\Sepsis.xes,C:\projects\python\Anda\resources\models\Sepsis_10000_INSERTION_4.0_1_inductive.pnml,0.023685399015976327,1.0,397
C:\projects\python\Anda\Stability_Java\src\main\resources\systems\Sepsis.xes,C:\projects\python\Anda\resources\models\Sepsis_20000_INSERTION_1.0_5_alpha.pnml,0.03314927145952906,0.14663264113755142,119
C:\projects\python\Anda\Stability_Java\src\main\resources\systems\Sepsis.xes,C:\projects\python\Anda\resources\models\Sepsis_20000_INSERTION_1.0_5_heuristics.pnml,0.17184466019417477,0.898972308200449,226
C:\projects\python\Anda\Stability_Java\src\main\resources\systems\Sepsis.xes,C:\projects\python\Anda\resources\models\Sepsis_20000_INSERTION_1.0_5_inductive.pnml,0.044213327226650834,1.0,283
C:\projects\python\Anda\Stability_Java\src\main\resources\systems\Sepsis.xes,C:\projects\python\Anda\resources\models\Sepsis_40000_SUBSTITUTION_0.2_3_alpha.pnml,0.09976134555648153,0.15563331528679009,64
C:\projects\python\Anda\Stability_Java\src\main\resources\systems\Sepsis.xes,C:\projects\python\Anda\resources\models\Sepsis_40000_SUBSTITUTION_0.2_3_heuristics.pnml,0.31010317305820523,0.8928724868636881,154
C:\projects\python\Anda\Stability_Java\src\main\resources\systems\Sepsis.xes,C:\projects\python\Anda\resources\models\Sepsis_40000_SUBSTITUTION_0.2_3_inductive.pnml,0.07418882542295346,1.0,227
C:\projects\python\Anda\Stability_Java\src\main\resources\systems\BPIC2012.xes,C:\projects\python\Anda\resources\models\BPIC2012_40000_INSERTION_0.1_1_alpha.pnml,0.06192126897205075,0.5382009295377412,49
C:\projects\python\Anda\Stability_Java\src\main\resources\systems\BPIC2012.xes,C:\projects\python\Anda\resources\models\BPIC2012_40000_INSERTION_0.1_1_heuristics.pnml,0.28966594596754025,0.9784117411176061,143
C:\projects\python\Anda\Stability_Java\src\main\resources\systems\BPIC2012.xes,C:\projects\python\Anda\resources\models\BPIC2012_40000_INSERTION_0.1_1_inductive.pnml,0.10986500916281594,1.0,197
C:\projects\python\Anda\Stability_Java\src\main\resources\systems\Sepsis.xes,C:\projects\python\Anda\resources\models\Sepsis_2000_INSERTION_1.0_5_alpha.pnml,0.24098645680819908,0.14723164783160536,31
C:\projects\python\Anda\Stability_Java\src\main\resources\systems\Sepsis.xes,C:\projects\python\Anda\resources\models\Sepsis_2000_INSERTION_1.0_5_heuristics.pnml,0.5443882991052802,0.9099923429877419,128
C:\projects\python\Anda\Stability_Java\src\main\resources\systems\Sepsis.xes,C:\projects\python\Anda\resources\models\Sepsis_2000_INSERTION_1.0_5_inductive.pnml,0.15404390934844192,1.0,112
C:\projects\python\Anda\Stability_Java\src\main\resources\systems\BPIC2012.xes,C:\projects\python\Anda\resources\models\BPIC2012_20000_MIXED_1.0_5_alpha.pnml,0.009803921568627416,0.23314858569310326,89
C:\projects\python\Anda\Stability_Java\src\main\resources\systems\BPIC2012.xes,C:\projects\python\Anda\resources\models\BPIC2012_20000_MIXED_1.0_5_heuristics.pnml,0.1810255940732577,0.9724943538619377,202
C:\projects\python\Anda\Stability_Java\src\main\resources\systems\BPIC2012.xes,C:\projects\python\Anda\resources\models\BPIC2012_20000_MIXED_1.0_5_inductive.pnml,0.0424058141353425,1.0,305
C:\projects\python\Anda\Stability_Java\src\main\resources\systems\BPIC2012.xes,C:\projects\python\Anda\resources\models\BPIC2012_40000_MIXED_0.1_3_alpha.pnml,0.0,0.3975249948109543,54
C:\projects\python\Anda\Stability_Java\src\main\resources\systems\BPIC2012.xes,C:\projects\python\Anda\resources\models\BPIC2012_40000_MIXED_0.1_3_heuristics.pnml,0.27746255537093956,0.9805168909243034,146
C:\projects\python\Anda\Stability_Java\src\main\resources\systems\BPIC2012.xes,C:\projects\python\Anda\resources\models\BPIC2012_40000_MIXED_0.1_3_inductive.pnml,0.06921970531062704,1.0,217
C:\projects\python\Anda\Stability_Java\src\main\resources\systems\BPIC2012.xes,C:\projects\python\Anda\resources\models\BPIC2012_40000_MIXED_2.0_3_alpha.pnml,0.0027472527472527375,0.10877028290860885,228
C:\projects\python\Anda\Stability_Java\src\main\resources\systems\BPIC2012.xes,C:\projects\python\Anda\resources\models\BPIC2012_40000_MIXED_2.0_3_heuristics.pnml,0.07753639442501381,0.9775610737957412,398
C:\projects\python\Anda\Stability_Java\src\main\resources\systems\BPIC2012.xes,C:\projects\python\Anda\resources\models\BPIC2012_40000_MIXED_2.0_3_inductive.pnml,0.019807011251025686,1.0,445
C:\projects\python\Anda\Stability_Java\src\main\resources\systems\Sepsis.xes,C:\projects\python\Anda\resources\models\Sepsis_40000_SUBSTITUTION_0.1_4_alpha.pnml,0.1422502896344926,0.18185363211954902,37
C:\projects\python\Anda\Stability_Java\src\main\resources\systems\Sepsis.xes,C:\projects\python\Anda\resources\models\Sepsis_40000_SUBSTITUTION_0.1_4_heuristics.pnml,0.5095765524411212,0.89721291069021,122
C:\projects\python\Anda\Stability_Java\src\main\resources\systems\Sepsis.xes,C:\projects\python\Anda\resources\models\Sepsis_40000_SUBSTITUTION_0.1_4_inductive.pnml,0.13342470170912613,1.0,152
C:\projects\python\Anda\Stability_Java\src\main\resources\systems\BPIC2012.xes,C:\projects\python\Anda\resources\models\BPIC2012_100000_MIXED_0.1_3_alpha.pnml,0.012820512820512775,0.2501064741981416,55
C:\projects\python\Anda\Stability_Java\src\main\resources\systems\BPIC2012.xes,C:\projects\python\Anda\resources\models\BPIC2012_100000_MIXED_0.1_3_heuristics.pnml,0.20794167138672837,0.9745403383959359,172
C:\projects\python\Anda\Stability_Java\src\main\resources\systems\BPIC2012.xes,C:\projects\python\Anda\resources\models\BPIC2012_100000_MIXED_0.1_3_inductive.pnml,0.06520552006522473,0.9977037335828784,255
C:\projects\python\Anda\Stability_Java\src\main\resources\systems\RTFMS.xes,C:\projects\python\Anda\resources\models\RTFMS_1000_MIXED_0.4_4_alpha.pnml,0.19999999999999996,0.5361323230406156,25
C:\projects\python\Anda\Stability_Java\src\main\resources\systems\RTFMS.xes,C:\projects\python\Anda\resources\models\RTFMS_1000_MIXED_0.4_4_heuristics.pnml,0.6463130230306384,0.9349753415734445,58
C:\projects\python\Anda\Stability_Java\src\main\resources\systems\RTFMS.xes,C:\projects\python\Anda\resources\models\RTFMS_1000_MIXED_0.4_4_inductive.pnml,0.4152763613284005,0.9998607548536225,64
C:\projects\python\Anda\Stability_Java\src\main\resources\systems\Sepsis.xes,C:\projects\python\Anda\resources\models\Sepsis_2000_SUBSTITUTION_2.0_2_alpha.pnml,0.14960909737029138,0.2199511905458919,45
C:\projects\python\Anda\Stability_Java\src\main\resources\systems\Sepsis.xes,C:\projects\python\Anda\resources\models\Sepsis_2000_SUBSTITUTION_2.0_2_heuristics.pnml,0.38542266978070305,0.9064871065879015,143
C:\projects\python\Anda\Stability_Java\src\main\resources\systems\Sepsis.xes,C:\projects\python\Anda\resources\models\Sepsis_2000_SUBSTITUTION_2.0_2_inductive.pnml,0.12657078542171885,1.0,174
C:\projects\python\Anda\Stability_Java\src\main\resources\systems\Sepsis.xes,C:\projects\python\Anda\resources\models\Sepsis_20000_MIXED_0.4_4_alpha.pnml,0.13572264645226018,0.2027277123275022,42
C:\projects\python\Anda\Stability_Java\src\main\resources\systems\Sepsis.xes,C:\projects\python\Anda\resources\models\Sepsis_20000_MIXED_0.4_4_heuristics.pnml,0.4072216008947116,0.8935080234425254,136
C:\projects\python\Anda\Stability_Java\src\main\resources\systems\Sepsis.xes,C:\projects\python\Anda\resources\models\Sepsis_20000_MIXED_0.4_4_inductive.pnml,0.10657964160787914,1.0,182
C:\projects\python\Anda\Stability_Java\src\main\resources\systems\Sepsis.xes,C:\projects\python\Anda\resources\models\Sepsis_4000_MIXED_10.0_4_alpha.pnml,0.036067840126397854,0.13453014590580709,118
C:\projects\python\Anda\Stability_Java\src\main\resources\systems\Sepsis.xes,C:\projects\python\Anda\resources\models\Sepsis_4000_MIXED_10.0_4_heuristics.pnml,0.15987465405397494,0.8983797223460304,231
C:\projects\python\Anda\Stability_Java\src\main\resources\systems\Sepsis.xes,C:\projects\python\Anda\resources\models\Sepsis_4000_MIXED_10.0_4_inductive.pnml,0.041950969071808175,1.0,284
C:\projects\python\Anda\Stability_Java\src\main\resources\systems\BPIC2012.xes,C:\projects\python\Anda\resources\models\BPIC2012_40000_ORDERING_0.4_3_alpha.pnml,0.0,0.20995081270623855,38
C:\projects\python\Anda\Stability_Java\src\main\resources\systems\BPIC2012.xes,C:\projects\python\Anda\resources\models\BPIC2012_40000_ORDERING_0.4_3_heuristics.pnml,0.35076866442725607,0.9796490365951405,132
C:\projects\python\Anda\Stability_Java\src\main\resources\systems\BPIC2012.xes,C:\projects\python\Anda\resources\models\BPIC2012_40000_ORDERING_0.4_3_inductive.pnml,0.08989665506467426,1.0,133
C:\projects\python\Anda\Stability_Java\src\main\resources\systems\RTFMS.xes,C:\projects\python\Anda\resources\models\RTFMS_10000_SUBSTITUTION_4.0_1_alpha.pnml,0.0029850746268657025,0.44775055291342886,215
C:\projects\python\Anda\Stability_Java\src\main\resources\systems\RTFMS.xes,C:\projects\python\Anda\resources\models\RTFMS_10000_SUBSTITUTION_4.0_1_heuristics.pnml,0.02953549739117367,0.9358948321958185,309
C:\projects\python\Anda\Stability_Java\src\main\resources\systems\RTFMS.xes,C:\projects\python\Anda\resources\models\RTFMS_10000_SUBSTITUTION_4.0_1_inductive.pnml,0.03480030908989873,0.9999994562242386,330
C:\projects\python\Anda\Stability_Java\src\main\resources\systems\RTFMS.xes,C:\projects\python\Anda\resources\models\RTFMS_40000_ORDERING_0.2_3_alpha.pnml,0.3333388749056547,0.31249495826001933,22
C:\projects\python\Anda\Stability_Java\src\main\resources\systems\RTFMS.xes,C:\projects\python\Anda\resources\models\RTFMS_40000_ORDERING_0.2_3_heuristics.pnml,0.4503293738316254,0.9368104919741855,75
C:\projects\python\Anda\Stability_Java\src\main\resources\systems\RTFMS.xes,C:\projects\python\Anda\resources\models\RTFMS_40000_ORDERING_0.2_3_inductive.pnml,0.41459033128873835,1.0,71
C:\projects\python\Anda\Stability_Java\src\main\resources\systems\Sepsis.xes,C:\projects\python\Anda\resources\models\Sepsis_100000_MIXED_1.0_4_alpha.pnml,0.012658227848101222,0.12923975814145539,266
C:\projects\python\Anda\Stability_Java\src\main\resources\systems\Sepsis.xes,C:\projects\python\Anda\resources\models\Sepsis_100000_MIXED_1.0_4_heuristics.pnml,0.07374302277968148,0.9026165458896109,393
C:\projects\python\Anda\Stability_Java\src\main\resources\systems\Sepsis.xes,C:\projects\python\Anda\resources\models\Sepsis_100000_MIXED_1.0_4_inductive.pnml,0.01924017322064553,1.0,451
C:\projects\python\Anda\Stability_Java\src\main\resources\systems\RTFMS.xes,C:\projects\python\Anda\resources\models\RTFMS_40000_INSERTION_0.2_3_alpha.pnml,0.052440437742841906,0.581676186845507,57
C:\projects\python\Anda\Stability_Java\src\main\resources\systems\RTFMS.xes,C:\projects\python\Anda\resources\models\RTFMS_40000_INSERTION_0.2_3_heuristics.pnml,0.14526834130386712,0.9458959079728883,112
C:\projects\python\Anda\Stability_Java\src\main\resources\systems\RTFMS.xes,C:\projects\python\Anda\resources\models\RTFMS_40000_INSERTION_0.2_3_inductive.pnml,0.13752521488711833,1.0,117
C:\projects\python\Anda\Stability_Java\src\main\resources\systems\BPIC2012.xes,C:\projects\python\Anda\resources\models\BPIC2012_100000_ORDERING_4.0_1_alpha.pnml,0.0,0.18763712884098704,54
C:\projects\python\Anda\Stability_Java\src\main\resources\systems\BPIC2012.xes,C:\projects\python\Anda\resources\models\BPIC2012_100000_ORDERING_4.0_1_heuristics.pnml,0.2903690358046741,0.9751460463021102,175
C:\projects\python\Anda\Stability_Java\src\main\resources\systems\BPIC2012.xes,C:\projects\python\Anda\resources\models\BPIC2012_100000_ORDERING_4.0_1_inductive.pnml,0.09647174075486542,1.0,99
C:\projects\python\Anda\Stability_Java\src\main\resources\systems\Sepsis.xes,C:\projects\python\Anda\resources\models\Sepsis_1000_SUBSTITUTION_0.1_4_alpha.pnml,0.3962538758463583,0.24104736592894777,24
C:\projects\python\Anda\Stability_Java\src\main\resources\systems\Sepsis.xes,C:\projects\python\Anda\resources\models\Sepsis_1000_SUBSTITUTION_0.1_4_heuristics.pnml,0.6658064516129032,0.9099023866914524,99
C:\projects\python\Anda\Stability_Java\src\main\resources\systems\Sepsis.xes,C:\projects\python\Anda\resources\models\Sepsis_1000_SUBSTITUTION_0.1_4_inductive.pnml,0.2332130735722494,0.9999345465814194,95
C:\projects\python\Anda\Stability_Java\src\main\resources\systems\Sepsis.xes,C:\projects\python\Anda\resources\models\Sepsis_4000_MIXED_0.1_5_alpha.pnml,0.3463433118605532,0.20759729935842663,20
C:\projects\python\Anda\Stability_Java\src\main\resources\systems\Sepsis.xes,C:\projects\python\Anda\resources\models\Sepsis_4000_MIXED_0.1_5_heuristics.pnml,0.7811300424270995,0.8856196503602701,117
C:\projects\python\Anda\Stability_Java\src\main\resources\systems\Sepsis.xes,C:\projects\python\Anda\resources\models\Sepsis_4000_MIXED_0.1_5_inductive.pnml,0.24436454465520818,1.0,99
C:\projects\python\Anda\Stability_Java\src\main\resources\systems\BPIC2012.xes,C:\projects\python\Anda\resources\models\BPIC2012_1000_ORDERING_4.0_5_alpha.pnml,0.0357142857142857,0.26073721326029203,33
C:\projects\python\Anda\Stability_Java\src\main\resources\systems\BPIC2012.xes,C:\projects\python\Anda\resources\models\BPIC2012_1000_ORDERING_4.0_5_heuristics.pnml,0.30330787102813106,0.9871929058977453,126
C:\projects\python\Anda\Stability_Java\src\main\resources\systems\BPIC2012.xes,C:\projects\python\Anda\resources\models\BPIC2012_1000_ORDERING_4.0_5_inductive.pnml,0.10490828694013932,0.9720470028223805,132
C:\projects\python\Anda\Stability_Java\src\main\resources\systems\RTFMS.xes,C:\projects\python\Anda\resources\models\RTFMS_100000_MIXED_0.2_5_alpha.pnml,0.0322581164135296,0.4512801641851106,46
C:\projects\python\Anda\Stability_Java\src\main\resources\systems\RTFMS.xes,C:\projects\python\Anda\resources\models\RTFMS_100000_MIXED_0.2_5_heuristics.pnml,0.15194599642546047,0.9482576056334735,119
C:\projects\python\Anda\Stability_Java\src\main\resources\systems\RTFMS.xes,C:\projects\python\Anda\resources\models\RTFMS_100000_MIXED_0.2_5_inductive.pnml,0.11922286908789737,0.9999996863069645,159
C:\projects\python\Anda\Stability_Java\src\main\resources\systems\BPIC2012.xes,C:\projects\python\Anda\resources\models\BPIC2012_4000_MIXED_4.0_3_alpha.pnml,0.009708737864077666,0.2199912010259083,70
C:\projects\python\Anda\Stability_Java\src\main\resources\systems\BPIC2012.xes,C:\projects\python\Anda\resources\models\BPIC2012_4000_MIXED_4.0_3_heuristics.pnml,0.18066621045401154,0.9781795544306788,192
C:\projects\python\Anda\Stability_Java\src\main\resources\systems\BPIC2012.xes,C:\projects\python\Anda\resources\models\BPIC2012_4000_MIXED_4.0_3_inductive.pnml,0.05250113918745891,0.9999697941448444,245
C:\projects\python\Anda\Stability_Java\src\main\resources\systems\BPIC2012.xes,C:\projects\python\Anda\resources\models\BPIC2012_40000_SUBSTITUTION_4.0_4_alpha.pnml,0.0006468305304010435,0.10752810907454075,844
C:\projects\python\Anda\Stability_Java\src\main\resources\systems\BPIC2012.xes,C:\projects\python\Anda\resources\models\BPIC2012_40000_SUBSTITUTION_4.0_4_heuristics.pnml,0.022523594613521825,0.9739491384726502,1083
C:\projects\python\Anda\Stability_Java\src\main\resources\systems\BPIC2012.xes,C:\projects\python\Anda\resources\models\BPIC2012_40000_SUBSTITUTION_4.0_4_inductive.pnml,0.00632887558901718,1.0,1192
C:\projects\python\Anda\Stability_Java\src\main\resources\systems\RTFMS.xes,C:\projects\python\Anda\resources\models\RTFMS_10000_ORDERING_0.1_4_alpha.pnml,0.33333333333333337,0.46277556866306785,30
C:\projects\python\Anda\Stability_Java\src\main\resources\systems\RTFMS.xes,C:\projects\python\Anda\resources\models\RTFMS_10000_ORDERING_0.1_4_heuristics.pnml,0.6713810207259989,0.9326862596807455,67
C:\projects\python\Anda\Stability_Java\src\main\resources\systems\RTFMS.xes,C:\projects\python\Anda\resources\models\RTFMS_10000_ORDERING_0.1_4_inductive.pnml,0.3814134495367104,0.9999922790095707,36
C:\projects\python\Anda\Stability_Java\src\main\resources\systems\BPIC2012.xes,C:\projects\python\Anda\resources\models\BPIC2012_2000_ABSENCE_0.2_2_alpha.pnml,0.032258064516129004,0.5112589605011784,34
C:\projects\python\Anda\Stability_Java\src\main\resources\systems\BPIC2012.xes,C:\projects\python\Anda\resources\models\BPIC2012_2000_ABSENCE_0.2_2_heuristics.pnml,0.2948961695871287,0.9822255027715899,106
C:\projects\python\Anda\Stability_Java\src\main\resources\systems\BPIC2012.xes,C:\projects\python\Anda\resources\models\BPIC2012_2000_ABSENCE_0.2_2_inductive.pnml,0.12919841975300128,0.9674207156821671,138
C:\projects\python\Anda\Stability_Java\src\main\resources\systems\BPIC2012.xes,C:\projects\python\Anda\resources\models\BPIC2012_10000_ABSENCE_1.0_1_alpha.pnml,0.032258064516129004,0.5424698256645475,36
C:\projects\python\Anda\Stability_Java\src\main\resources\systems\BPIC2012.xes,C:\projects\python\Anda\resources\models\BPIC2012_10000_ABSENCE_1.0_1_heuristics.pnml,0.3102990488728815,0.9799783525690495,126
C:\projects\python\Anda\Stability_Java\src\main\resources\systems\BPIC2012.xes,C:\projects\python\Anda\resources\models\BPIC2012_10000_ABSENCE_1.0_1_inductive.pnml,0.10926068969551894,0.9798683752472784,139
C:\projects\python\Anda\Stability_Java\src\main\resources\systems\BPIC2012.xes,C:\projects\python\Anda\resources\models\BPIC2012_10000_INSERTION_1.0_4_alpha.pnml,0.007352941176470562,0.4297410565228579,91
C:\projects\python\Anda\Stability_Java\src\main\resources\systems\BPIC2012.xes,C:\projects\python\Anda\resources\models\BPIC2012_10000_INSERTION_1.0_4_heuristics.pnml,0.16196791574355474,0.9813776532760283,196
C:\projects\python\Anda\Stability_Java\src\main\resources\systems\BPIC2012.xes,C:\projects\python\Anda\resources\models\BPIC2012_10000_INSERTION_1.0_4_inductive.pnml,0.05046142298486622,1.0,294
C:\projects\python\Anda\Stability_Java\src\main\resources\systems\Sepsis.xes,C:\projects\python\Anda\resources\models\Sepsis_100000_ABSENCE_2.0_3_alpha.pnml,0.4897388059701493,0.2478320647764068,22
C:\projects\python\Anda\Stability_Java\src\main\resources\systems\Sepsis.xes,C:\projects\python\Anda\resources\models\Sepsis_100000_ABSENCE_2.0_3_heuristics.pnml,0.6862627073301231,0.886548615447584,114
C:\projects\python\Anda\Stability_Java\src\main\resources\systems\Sepsis.xes,C:\projects\python\Anda\resources\models\Sepsis_100000_ABSENCE_2.0_3_inductive.pnml,0.2475336831655084,1.0,95
C:\projects\python\Anda\Stability_Java\src\main\resources\systems\BPIC2012.xes,C:\projects\python\Anda\resources\models\BPIC2012_4000_ORDERING_10.0_4_alpha.pnml,0.04166666666666663,0.21414403934957504,39
C:\projects\python\Anda\Stability_Java\src\main\resources\systems\BPIC2012.xes,C:\projects\python\Anda\resources\models\BPIC2012_4000_ORDERING_10.0_4_heuristics.pnml,0.27970248233795836,0.9736829381171586,144
C:\projects\python\Anda\Stability_Java\src\main\resources\systems\BPIC2012.xes,C:\projects\python\Anda\resources\models\BPIC2012_4000_ORDERING_10.0_4_inductive.pnml,0.09821492058006143,0.9878834737358364,123
C:\projects\python\Anda\Stability_Java\src\main\resources\systems\BPIC2012.xes,C:\projects\python\Anda\resources\models\BPIC2012_10000_ORDERING_1.0_3_alpha.pnml,0.03448275862068961,0.3580310668655203,38
C:\projects\python\Anda\Stability_Java\src\main\resources\systems\BPIC2012.xes,C:\projects\python\Anda\resources\models\BPIC2012_10000_ORDERING_1.0_3_heuristics.pnml,0.26834937299688477,0.9775260887749339,125
C:\projects\python\Anda\Stability_Java\src\main\resources\systems\BPIC2012.xes,C:\projects\python\Anda\resources\models\BPIC2012_10000_ORDERING_1.0_3_inductive.pnml,0.09166987418025163,0.9995825421475124,128
C:\projects\python\Anda\Stability_Java\src\main\resources\systems\BPIC2012.xes,C:\projects\python\Anda\resources\models\BPIC2012_4000_MIXED_0.1_2_alpha.pnml,0.02941176470588236,0.5187001528195528,36
C:\projects\python\Anda\Stability_Java\src\main\resources\systems\BPIC2012.xes,C:\projects\python\Anda\resources\models\BPIC2012_4000_MIXED_0.1_2_heuristics.pnml,0.2623659234872092,0.9798589242710677,126
C:\projects\python\Anda\Stability_Java\src\main\resources\systems\BPIC2012.xes,C:\projects\python\Anda\resources\models\BPIC2012_4000_MIXED_0.1_2_inductive.pnml,0.11208775764149204,0.9949314352867039,149
C:\projects\python\Anda\Stability_Java\src\main\resources\systems\Sepsis.xes,C:\projects\python\Anda\resources\models\Sepsis_100000_SUBSTITUTION_1.0_3_alpha.pnml,0.007189097372165887,0.1353914130891189,518
C:\projects\python\Anda\Stability_Java\src\main\resources\systems\Sepsis.xes,C:\projects\python\Anda\resources\models\Sepsis_100000_SUBSTITUTION_1.0_3_heuristics.pnml,0.042157949855233134,0.9016615542506186,653
C:\projects\python\Anda\Stability_Java\src\main\resources\systems\Sepsis.xes,C:\projects\python\Anda\resources\models\Sepsis_100000_SUBSTITUTION_1.0_3_inductive.pnml,0.009359520428074641,1.0,722
C:\projects\python\Anda\Stability_Java\src\main\resources\systems\RTFMS.xes,C:\projects\python\Anda\resources\models\RTFMS_1000_SUBSTITUTION_10.0_1_alpha.pnml,0.011494252873563204,0.5159505631277455,64
C:\projects\python\Anda\Stability_Java\src\main\resources\systems\RTFMS.xes,C:\projects\python\Anda\resources\models\RTFMS_1000_SUBSTITUTION_10.0_1_heuristics.pnml,0.09418005685111885,0.9382341522032418,132
C:\projects\python\Anda\Stability_Java\src\main\resources\systems\RTFMS.xes,C:\projects\python\Anda\resources\models\RTFMS_1000_SUBSTITUTION_10.0_1_inductive.pnml,0.09948456848989762,0.9999491741794271,151
C:\projects\python\Anda\Stability_Java\src\main\resources\systems\RTFMS.xes,C:\projects\python\Anda\resources\models\RTFMS_1000_ABSENCE_2.0_4_alpha.pnml,0.5,0.650273975006214,30
C:\projects\python\Anda\Stability_Java\src\main\resources\systems\RTFMS.xes,C:\projects\python\Anda\resources\models\RTFMS_1000_ABSENCE_2.0_4_heuristics.pnml,0.6975083372228763,0.9349812317067085,58
C:\projects\python\Anda\Stability_Java\src\main\resources\systems\RTFMS.xes,C:\projects\python\Anda\resources\models\RTFMS_1000_ABSENCE_2.0_4_inductive.pnml,0.449453322654366,0.9998085066511757,52
C:\projects\python\Anda\Stability_Java\src\main\resources\systems\RTFMS.xes,C:\projects\python\Anda\resources\models\RTFMS_10000_INSERTION_10.0_4_alpha.pnml,0.0011862396204033177,0.42294010469465126,493
C:\projects\python\Anda\Stability_Java\src\main\resources\systems\RTFMS.xes,C:\projects\python\Anda\resources\models\RTFMS_10000_INSERTION_10.0_4_heuristics.pnml,0.01224348107226636,0.9454476130631764,610
C:\projects\python\Anda\Stability_Java\src\main\resources\systems\RTFMS.xes,C:\projects\python\Anda\resources\models\RTFMS_10000_INSERTION_10.0_4_inductive.pnml,0.01632574628553607,0.9999996499453739,617
C:\projects\python\Anda\Stability_Java\src\main\resources\systems\BPIC2012.xes,C:\projects\python\Anda\resources\models\BPIC2012_1000_ORDERING_0.2_3_alpha.pnml,0.033333333333333326,0.4709923267686918,34
C:\projects\python\Anda\Stability_Java\src\main\resources\systems\BPIC2012.xes,C:\projects\python\Anda\resources\models\BPIC2012_1000_ORDERING_0.2_3_heuristics.pnml,0.3104494577652057,0.9840447784341055,115
C:\projects\python\Anda\Stability_Java\src\main\resources\systems\BPIC2012.xes,C:\projects\python\Anda\resources\models\BPIC2012_1000_ORDERING_0.2_3_inductive.pnml,0.10423014377767448,0.9926871294046191,137
C:\projects\python\Anda\Stability_Java\src\main\resources\systems\Sepsis.xes,C:\projects\python\Anda\resources\models\Sepsis_10000_INSERTION_0.4_4_alpha.pnml,0.1389989434759641,0.24846431532373525,55
C:\projects\python\Anda\Stability_Java\src\main\resources\systems\Sepsis.xes,C:\projects\python\Anda\resources\models\Sepsis_10000_INSERTION_0.4_4_heuristics.pnml,0.4209830866807611,0.8941871562898949,136
C:\projects\python\Anda\Stability_Java\src\main\resources\systems\Sepsis.xes,C:\projects\python\Anda\resources\models\Sepsis_10000_INSERTION_0.4_4_inductive.pnml,0.09809250828977689,1.0,147
C:\projects\python\Anda\Stability_Java\src\main\resources\systems\Sepsis.xes,C:\projects\python\Anda\resources\models\Sepsis_100000_ABSENCE_0.1_4_alpha.pnml,0.4426422388436003,0.26588961197193384,22
C:\projects\python\Anda\Stability_Java\src\main\resources\systems\Sepsis.xes,C:\projects\python\Anda\resources\models\Sepsis_100000_ABSENCE_0.1_4_heuristics.pnml,0.7189613665023501,0.8941883128747489,107
C:\projects\python\Anda\Stability_Java\src\main\resources\systems\Sepsis.xes,C:\projects\python\Anda\resources\models\Sepsis_100000_ABSENCE_0.1_4_inductive.pnml,0.2475336831655084,1.0,95
C:\projects\python\Anda\Stability_Java\src\main\resources\systems\Sepsis.xes,C:\projects\python\Anda\resources\models\Sepsis_4000_SUBSTITUTION_0.1_4_alpha.pnml,0.3531582920895898,0.25449376430792897,26
C:\projects\python\Anda\Stability_Java\src\main\resources\systems\Sepsis.xes,C:\projects\python\Anda\resources\models\Sepsis_4000_SUBSTITUTION_0.1_4_heuristics.pnml,0.7481295149638802,0.8863294630422768,121
C:\projects\python\Anda\Stability_Java\src\main\resources\systems\Sepsis.xes,C:\projects\python\Anda\resources\models\Sepsis_4000_SUBSTITUTION_0.1_4_inductive.pnml,0.18852299509178572,1.0,106
C:\projects\python\Anda\Stability_Java\src\main\resources\systems\Sepsis.xes,C:\projects\python\Anda\resources\models\Sepsis_100000_ORDERING_1.0_4_alpha.pnml,0.2964426877470355,0.12751404119844328,26
C:\projects\python\Anda\Stability_Java\src\main\resources\systems\Sepsis.xes,C:\projects\python\Anda\resources\models\Sepsis_100000_ORDERING_1.0_4_heuristics.pnml,0.5509314514036636,0.8782776733722943,126
C:\projects\python\Anda\Stability_Java\src\main\resources\systems\Sepsis.xes,C:\projects\python\Anda\resources\models\Sepsis_100000_ORDERING_1.0_4_inductive.pnml,0.19713117531455415,1.0,51
C:\projects\python\Anda\Stability_Java\src\main\resources\systems\Sepsis.xes,C:\projects\python\Anda\resources\models\Sepsis_10000_MIXED_10.0_3_alpha.pnml,0.012195121951219523,0.12979658545846467,274
C:\projects\python\Anda\Stability_Java\src\main\resources\systems\Sepsis.xes,C:\projects\python\Anda\resources\models\Sepsis_10000_MIXED_10.0_3_heuristics.pnml,0.07341917459614955,0.8953423959477302,406
C:\projects\python\Anda\Stability_Java\src\main\resources\systems\Sepsis.xes,C:\projects\python\Anda\resources\models\Sepsis_10000_MIXED_10.0_3_inductive.pnml,0.01811490263561577,1.0,466
C:\projects\python\Anda\Stability_Java\src\main\resources\systems\RTFMS.xes,C:\projects\python\Anda\resources\models\RTFMS_40000_ABSENCE_0.2_4_alpha.pnml,0.6666400686229528,0.61203114371204,28
C:\projects\python\Anda\Stability_Java\src\main\resources\systems\RTFMS.xes,C:\projects\python\Anda\resources\models\RTFMS_40000_ABSENCE_0.2_4_heuristics.pnml,0.6718081725522518,0.9321341744267713,69
C:\projects\python\Anda\Stability_Java\src\main\resources\systems\RTFMS.xes,C:\projects\python\Anda\resources\models\RTFMS_40000_ABSENCE_0.2_4_inductive.pnml,0.4399848800770628,1.0,62
C:\projects\python\Anda\Stability_Java\src\main\resources\systems\Sepsis.xes,C:\projects\python\Anda\resources\models\Sepsis_40000_SUBSTITUTION_0.1_2_alpha.pnml,0.14960909737029138,0.26330384046338345,46
C:\projects\python\Anda\Stability_Java\src\main\resources\systems\Sepsis.xes,C:\projects\python\Anda\resources\models\Sepsis_40000_SUBSTITUTION_0.1_2_heuristics.pnml,0.3872614561808678,0.8932754362093287,134
C:\projects\python\Anda\Stability_Java\src\main\resources\systems\Sepsis.xes,C:\projects\python\Anda\resources\models\Sepsis_40000_SUBSTITUTION_0.1_2_inductive.pnml,0.12657078542171885,1.0,174
C:\projects\python\Anda\Stability_Java\src\main\resources\systems\BPIC2012.xes,C:\projects\python\Anda\resources\models\BPIC2012_100000_ORDERING_0.1_3_alpha.pnml,0.03448275862068961,0.3580310668655203,38
C:\projects\python\Anda\Stability_Java\src\main\resources\systems\BPIC2012.xes,C:\projects\python\Anda\resources\models\BPIC2012_100000_ORDERING_0.1_3_heuristics.pnml,0.2629612801937179,0.9739030862908621,130
C:\projects\python\Anda\Stability_Java\src\main\resources\systems\BPIC2012.xes,C:\projects\python\Anda\resources\models\BPIC2012_100000_ORDERING_0.1_3_inductive.pnml,0.0923088417681106,0.9979284052975816,130
C:\projects\python\Anda\Stability_Java\src\main\resources\systems\Sepsis.xes,C:\projects\python\Anda\resources\models\Sepsis_2000_MIXED_0.2_2_alpha.pnml,0.4426050420168067,0.23947726385374474,22
C:\projects\python\Anda\Stability_Java\src\main\resources\systems\Sepsis.xes,C:\projects\python\Anda\resources\models\Sepsis_2000_MIXED_0.2_2_heuristics.pnml,0.7073244187447296,0.9138685353783417,111
C:\projects\python\Anda\Stability_Java\src\main\resources\systems\Sepsis.xes,C:\projects\python\Anda\resources\models\Sepsis_2000_MIXED_0.2_2_inductive.pnml,0.25762075419340746,1.0,89
C:\projects\python\Anda\Stability_Java\src\main\resources\systems\RTFMS.xes,C:\projects\python\Anda\resources\models\RTFMS_1000_SUBSTITUTION_0.4_4_alpha.pnml,0.6562400621492078,0.6937175529337201,30
C:\projects\python\Anda\Stability_Java\src\main\resources\systems\RTFMS.xes,C:\projects\python\Anda\resources\models\RTFMS_1000_SUBSTITUTION_0.4_4_heuristics.pnml,0.5697143697870393,0.9283267324184588,58
C:\projects\python\Anda\Stability_Java\src\main\resources\systems\RTFMS.xes,C:\projects\python\Anda\resources\models\RTFMS_1000_SUBSTITUTION_0.4_4_inductive.pnml,0.37044592205020443,0.9998171101498956,55
C:\projects\python\Anda\Stability_Java\src\main\resources\systems\BPIC2012.xes,C:\projects\python\Anda\resources\models\BPIC2012_40000_INSERTION_0.4_4_alpha.pnml,0.006134969325153339,0.30074295195254325,124
C:\projects\python\Anda\Stability_Java\src\main\resources\systems\BPIC2012.xes,C:\projects\python\Anda\resources\models\BPIC2012_40000_INSERTION_0.4_4_heuristics.pnml,0.15593793088747254,0.981433041844858,228
C:\projects\python\Anda\Stability_Java\src\main\resources\systems\BPIC2012.xes,C:\projects\python\Anda\resources\models\BPIC2012_40000_INSERTION_0.4_4_inductive.pnml,0.04646141910033119,1.0,308
C:\projects\python\Anda\Stability_Java\src\main\resources\systems\BPIC2012.xes,C:\projects\python\Anda\resources\models\BPIC2012_10000_SUBSTITUTION_1.0_1_alpha.pnml,0.008620689655172376,0.42887707295257493,91
C:\projects\python\Anda\Stability_Java\src\main\resources\systems\BPIC2012.xes,C:\projects\python\Anda\resources\models\BPIC2012_10000_SUBSTITUTION_1.0_1_heuristics.pnml,0.17478610164674468,0.9734589109454586,181
C:\projects\python\Anda\Stability_Java\src\main\resources\systems\BPIC2012.xes,C:\projects\python\Anda\resources\models\BPIC2012_10000_SUBSTITUTION_1.0_1_inductive.pnml,0.0416339143645752,0.9865400435147234,269
C:\projects\python\Anda\Stability_Java\src\main\resources\systems\BPIC2012.xes,C:\projects\python\Anda\resources\models\BPIC2012_2000_ORDERING_0.1_2_alpha.pnml,0.10502453133720147,0.5586479208127507,34
C:\projects\python\Anda\Stability_Java\src\main\resources\systems\BPIC2012.xes,C:\projects\python\Anda\resources\models\BPIC2012_2000_ORDERING_0.1_2_heuristics.pnml,0.29748148088602355,0.9822255027715899,104
C:\projects\python\Anda\Stability_Java\src\main\resources\systems\BPIC2012.xes,C:\projects\python\Anda\resources\models\BPIC2012_2000_ORDERING_0.1_2_inductive.pnml,0.1298022126247832,0.9671744095013992,134
C:\projects\python\Anda\Stability_Java\src\main\resources\systems\RTFMS.xes,C:\projects\python\Anda\resources\models\RTFMS_1000_SUBSTITUTION_0.1_3_alpha.pnml,0.7959307923389242,0.6960316341571908,28
C:\projects\python\Anda\Stability_Java\src\main\resources\systems\RTFMS.xes,C:\projects\python\Anda\resources\models\RTFMS_1000_SUBSTITUTION_0.1_3_heuristics.pnml,0.8202574488478702,0.9280834610129489,53
C:\projects\python\Anda\Stability_Java\src\main\resources\systems\RTFMS.xes,C:\projects\python\Anda\resources\models\RTFMS_1000_SUBSTITUTION_0.1_3_inductive.pnml,0.6738158502342009,0.9998128115504955,50
C:\projects\python\Anda\Stability_Java\src\main\resources\systems\RTFMS.xes,C:\projects\python\Anda\resources\models\RTFMS_2000_SUBSTITUTION_1.0_2_alpha.pnml,0.04347826086956519,0.48082138064305174,31
C:\projects\python\Anda\Stability_Java\src\main\resources\systems\RTFMS.xes,C:\projects\python\Anda\resources\models\RTFMS_2000_SUBSTITUTION_1.0_2_heuristics.pnml,0.28235308137009685,0.9371116079596431,84
C:\projects\python\Anda\Stability_Java\src\main\resources\systems\RTFMS.xes,C:\projects\python\Anda\resources\models\RTFMS_2000_SUBSTITUTION_1.0_2_inductive.pnml,0.22644648840895043,0.9999599750135691,98
C:\projects\python\Anda\Stability_Java\src\main\resources\systems\RTFMS.xes,C:\projects\python\Anda\resources\models\RTFMS_2000_SUBSTITUTION_0.1_5_alpha.pnml,0.8836570684555235,0.6959373295256057,27
C:\projects\python\Anda\Stability_Java\src\main\resources\systems\RTFMS.xes,C:\projects\python\Anda\resources\models\RTFMS_2000_SUBSTITUTION_0.1_5_heuristics.pnml,0.9991609884341456,0.9259726232246591,63
C:\projects\python\Anda\Stability_Java\src\main\resources\systems\RTFMS.xes,C:\projects\python\Anda\resources\models\RTFMS_2000_SUBSTITUTION_0.1_5_inductive.pnml,0.7169875880359537,0.9999025010343221,54
C:\projects\python\Anda\Stability_Java\src\main\resources\systems\BPIC2012.xes,C:\projects\python\Anda\resources\models\BPIC2012_40000_INSERTION_2.0_3_alpha.pnml,0.0014265335235378318,0.10706173207441483,392
C:\projects\python\Anda\Stability_Java\src\main\resources\systems\BPIC2012.xes,C:\projects\python\Anda\resources\models\BPIC2012_40000_INSERTION_2.0_3_heuristics.pnml,0.049741816868632216,0.9781752450136294,576
C:\projects\python\Anda\Stability_Java\src\main\resources\systems\BPIC2012.xes,C:\projects\python\Anda\resources\models\BPIC2012_40000_INSERTION_2.0_3_inductive.pnml,0.013773489061802091,1.0,719
C:\projects\python\Anda\Stability_Java\src\main\resources\systems\RTFMS.xes,C:\projects\python\Anda\resources\models\RTFMS_2000_SUBSTITUTION_0.4_5_alpha.pnml,0.49261918998426213,0.698141967210313,29
C:\projects\python\Anda\Stability_Java\src\main\resources\systems\RTFMS.xes,C:\projects\python\Anda\resources\models\RTFMS_2000_SUBSTITUTION_0.4_5_heuristics.pnml,0.5639583459863529,0.9270871734819699,69
C:\projects\python\Anda\Stability_Java\src\main\resources\systems\RTFMS.xes,C:\projects\python\Anda\resources\models\RTFMS_2000_SUBSTITUTION_0.4_5_inductive.pnml,0.3719969942917488,0.9999341136809139,75
C:\projects\python\Anda\Stability_Java\src\main\resources\systems\Sepsis.xes,C:\projects\python\Anda\resources\models\Sepsis_1000_SUBSTITUTION_1.0_4_alpha.pnml,0.297171602126044,0.1973674075929831,28
C:\projects\python\Anda\Stability_Java\src\main\resources\systems\Sepsis.xes,C:\projects\python\Anda\resources\models\Sepsis_1000_SUBSTITUTION_1.0_4_heuristics.pnml,0.5789308317249428,0.9095822028743625,104
C:\projects\python\Anda\Stability_Java\src\main\resources\systems\Sepsis.xes,C:\projects\python\Anda\resources\models\Sepsis_1000_SUBSTITUTION_1.0_4_inductive.pnml,0.17239619999841793,0.999984300919966,94
C:\projects\python\Anda\Stability_Java\src\main\resources\systems\RTFMS.xes,C:\projects\python\Anda\resources\models\RTFMS_1000_ORDERING_0.1_4_alpha.pnml,0.7959307923389242,0.7024815374928981,28
C:\projects\python\Anda\Stability_Java\src\main\resources\systems\RTFMS.xes,C:\projects\python\Anda\resources\models\RTFMS_1000_ORDERING_0.1_4_heuristics.pnml,0.9954366694077896,0.9158026519749201,52
C:\projects\python\Anda\Stability_Java\src\main\resources\systems\RTFMS.xes,C:\projects\python\Anda\resources\models\RTFMS_1000_ORDERING_0.1_4_inductive.pnml,0.6736436215687736,0.9998234248808487,52
C:\projects\python\Anda\Stability_Java\src\main\resources\systems\BPIC2012.xes,C:\projects\python\Anda\resources\models\BPIC2012_2000_INSERTION_0.4_1_alpha.pnml,0.08688548950935338,0.5123207110188823,38
C:\projects\python\Anda\Stability_Java\src\main\resources\systems\BPIC2012.xes,C:\projects\python\Anda\resources\models\BPIC2012_2000_INSERTION_0.4_1_heuristics.pnml,0.2838869579170308,0.9822255027715899,107
C:\projects\python\Anda\Stability_Java\src\main\resources\systems\BPIC2012.xes,C:\projects\python\Anda\resources\models\BPIC2012_2000_INSERTION_0.4_1_inductive.pnml,0.09901099321720164,0.9956732331535911,155
C:\projects\python\Anda\Stability_Java\src\main\resources\systems\BPIC2012.xes,C:\projects\python\Anda\resources\models\BPIC2012_2000_INSERTION_0.1_1_alpha.pnml,0.09898490659939418,0.5285026046233764,33
C:\projects\python\Anda\Stability_Java\src\main\resources\systems\BPIC2012.xes,C:\projects\python\Anda\resources\models\BPIC2012_2000_INSERTION_0.1_1_heuristics.pnml,0.29748148088602355,0.9822255027715899,104
C:\projects\python\Anda\Stability_Java\src\main\resources\systems\BPIC2012.xes,C:\projects\python\Anda\resources\models\BPIC2012_2000_INSERTION_0.1_1_inductive.pnml,0.12919841975300128,0.9674338233816042,137
C:\projects\python\Anda\Stability_Java\src\main\resources\systems\Sepsis.xes,C:\projects\python\Anda\resources\models\Sepsis_20000_INSERTION_0.1_2_alpha.pnml,0.24145044466856147,0.1414845077764459,28
C:\projects\python\Anda\Stability_Java\src\main\resources\systems\Sepsis.xes,C:\projects\python\Anda\resources\models\Sepsis_20000_INSERTION_0.1_2_heuristics.pnml,0.5868344717881538,0.8944749231221183,116
C:\projects\python\Anda\Stability_Java\src\main\resources\systems\Sepsis.xes,C:\projects\python\Anda\resources\models\Sepsis_20000_INSERTION_0.1_2_inductive.pnml,0.18185077264901683,1.0,133
C:\projects\python\Anda\Stability_Java\src\main\resources\systems\Sepsis.xes,C:\projects\python\Anda\resources\models\Sepsis_40000_SUBSTITUTION_4.0_4_alpha.pnml,0.004149377593360981,0.12902440043796026,772
C:\projects\python\Anda\Stability_Java\src\main\resources\systems\Sepsis.xes,C:\projects\python\Anda\resources\models\Sepsis_40000_SUBSTITUTION_4.0_4_heuristics.pnml,0.028194191253252177,0.8970909179598776,920
C:\projects\python\Anda\Stability_Java\src\main\resources\systems\Sepsis.xes,C:\projects\python\Anda\resources\models\Sepsis_40000_SUBSTITUTION_4.0_4_inductive.pnml,0.006597064416703935,1.0,974
C:\projects\python\Anda\Stability_Java\src\main\resources\systems\RTFMS.xes,C:\projects\python\Anda\resources\models\RTFMS_20000_ABSENCE_2.0_1_alpha.pnml,0.5,0.6297079081261633,27
C:\projects\python\Anda\Stability_Java\src\main\resources\systems\RTFMS.xes,C:\projects\python\Anda\resources\models\RTFMS_20000_ABSENCE_2.0_1_heuristics.pnml,0.6717019199834231,0.9331999291660539,63
C:\projects\python\Anda\Stability_Java\src\main\resources\systems\RTFMS.xes,C:\projects\python\Anda\resources\models\RTFMS_20000_ABSENCE_2.0_1_inductive.pnml,0.4838523894789444,0.9999990793872033,41
C:\projects\python\Anda\Stability_Java\src\main\resources\systems\Sepsis.xes,C:\projects\python\Anda\resources\models\Sepsis_4000_ABSENCE_0.4_2_alpha.pnml,0.44411590774689536,0.25309060879378503,22
C:\projects\python\Anda\Stability_Java\src\main\resources\systems\Sepsis.xes,C:\projects\python\Anda\resources\models\Sepsis_4000_ABSENCE_0.4_2_heuristics.pnml,0.7295427385370149,0.8856196503602701,118
C:\projects\python\Anda\Stability_Java\src\main\resources\systems\Sepsis.xes,C:\projects\python\Anda\resources\models\Sepsis_4000_ABSENCE_0.4_2_inductive.pnml,0.24663821609247383,1.0,94
C:\projects\python\Anda\Stability_Java\src\main\resources\systems\Sepsis.xes,C:\projects\python\Anda\resources\models\Sepsis_2000_MIXED_0.4_2_alpha.pnml,0.44182535022229674,0.23947726385374474,24
C:\projects\python\Anda\Stability_Java\src\main\resources\systems\Sepsis.xes,C:\projects\python\Anda\resources\models\Sepsis_2000_MIXED_0.4_2_heuristics.pnml,0.6574291792632404,0.9138685353783417,113
C:\projects\python\Anda\Stability_Java\src\main\resources\systems\Sepsis.xes,C:\projects\python\Anda\resources\models\Sepsis_2000_MIXED_0.4_2_inductive.pnml,0.1924873638974861,1.0,105
C:\projects\python\Anda\Stability_Java\src\main\resources\systems\Sepsis.xes,C:\projects\python\Anda\resources\models\Sepsis_1000_INSERTION_0.4_2_alpha.pnml,0.42500339351160576,0.23095872135492707,24
C:\projects\python\Anda\Stability_Java\src\main\resources\systems\Sepsis.xes,C:\projects\python\Anda\resources\models\Sepsis_1000_INSERTION_0.4_2_heuristics.pnml,0.6123030187962788,0.9099580507668398,100
C:\projects\python\Anda\Stability_Java\src\main\resources\systems\Sepsis.xes,C:\projects\python\Anda\resources\models\Sepsis_1000_INSERTION_0.4_2_inductive.pnml,0.20488659968230993,0.9999567641605835,83
C:\projects\python\Anda\Stability_Java\src\main\resources\systems\BPIC2012.xes,C:\projects\python\Anda\resources\models\BPIC2012_10000_INSERTION_0.2_4_alpha.pnml,0.07596920064519752,0.5041208152656689,37
C:\projects\python\Anda\Stability_Java\src\main\resources\systems\BPIC2012.xes,C:\projects\python\Anda\resources\models\BPIC2012_10000_INSERTION_0.2_4_heuristics.pnml,0.2385584812449909,0.9800602481387853,132
C:\projects\python\Anda\Stability_Java\src\main\resources\systems\BPIC2012.xes,C:\projects\python\Anda\resources\models\BPIC2012_10000_INSERTION_0.2_4_inductive.pnml,0.1258758918879742,0.9973569297625282,229
C:\projects\python\Anda\Stability_Java\src\main\resources\systems\BPIC2012.xes,C:\projects\python\Anda\resources\models\BPIC2012_2000_MIXED_0.4_2_alpha.pnml,0.02631578947368418,0.563388058822802,37
C:\projects\python\Anda\Stability_Java\src\main\resources\systems\BPIC2012.xes,C:\projects\python\Anda\resources\models\BPIC2012_2000_MIXED_0.4_2_heuristics.pnml,0.27816004404709627,0.9827422557791248,113
C:\projects\python\Anda\Stability_Java\src\main\resources\systems\BPIC2012.xes,C:\projects\python\Anda\resources\models\BPIC2012_2000_MIXED_0.4_2_inductive.pnml,0.09128714671043847,0.9971795476744911,183
C:\projects\python\Anda\Stability_Java\src\main\resources\systems\Sepsis.xes,C:\projects\python\Anda\resources\models\Sepsis_4000_INSERTION_0.1_3_alpha.pnml,0.40442872520375206,0.2329396226691024,26
C:\projects\python\Anda\Stability_Java\src\main\resources\systems\Sepsis.xes,C:\projects\python\Anda\resources\models\Sepsis_4000_INSERTION_0.1_3_heuristics.pnml,0.7697770108839925,0.8856196503602701,120
C:\projects\python\Anda\Stability_Java\src\main\resources\systems\Sepsis.xes,C:\projects\python\Anda\resources\models\Sepsis_4000_INSERTION_0.1_3_inductive.pnml,0.1907458575728952,1.0,108
C:\projects\python\Anda\Stability_Java\src\main\resources\systems\Sepsis.xes,C:\projects\python\Anda\resources\models\Sepsis_1000_ABSENCE_0.2_5_alpha.pnml,0.39660523149027804,0.24104736592894777,23
C:\projects\python\Anda\Stability_Java\src\main\resources\systems\Sepsis.xes,C:\projects\python\Anda\resources\models\Sepsis_1000_ABSENCE_0.2_5_heuristics.pnml,0.6784117801735472,0.9099023866914524,98
C:\projects\python\Anda\Stability_Java\src\main\resources\systems\Sepsis.xes,C:\projects\python\Anda\resources\models\Sepsis_1000_ABSENCE_0.2_5_inductive.pnml,0.25382928347459843,0.9999318710164926,91
C:\projects\python\Anda\Stability_Java\src\main\resources\systems\BPIC2012.xes,C:\projects\python\Anda\resources\models\BPIC2012_20000_ORDERING_0.4_2_alpha.pnml,0.045454545454545414,0.28657523472965696,38
C:\projects\python\Anda\Stability_Java\src\main\resources\systems\BPIC2012.xes,C:\projects\python\Anda\resources\models\BPIC2012_20000_ORDERING_0.4_2_heuristics.pnml,0.2981335255201464,0.9804416877362064,141
C:\projects\python\Anda\Stability_Java\src\main\resources\systems\BPIC2012.xes,C:\projects\python\Anda\resources\models\BPIC2012_20000_ORDERING_0.4_2_inductive.pnml,0.10080420532603818,0.983674322100109,157
C:\projects\python\Anda\Stability_Java\src\main\resources\systems\BPIC2012.xes,C:\projects\python\Anda\resources\models\BPIC2012_20000_INSERTION_1.0_5_alpha.pnml,0.018128259581273287,0.2670389843637655,127
C:\projects\python\Anda\Stability_Java\src\main\resources\systems\BPIC2012.xes,C:\projects\python\Anda\resources\models\BPIC2012_20000_INSERTION_1.0_5_heuristics.pnml,0.136023213786594,0.9740206603888966,251
C:\projects\python\Anda\Stability_Java\src\main\resources\systems\BPIC2012.xes,C:\projects\python\Anda\resources\models\BPIC2012_20000_INSERTION_1.0_5_inductive.pnml,0.04239348964359546,1.0,356
C:\projects\python\Anda\Stability_Java\src\main\resources\systems\Sepsis.xes,C:\projects\python\Anda\resources\models\Sepsis_4000_SUBSTITUTION_0.4_5_alpha.pnml,0.24799050364592168,0.2008595842656528,28
C:\projects\python\Anda\Stability_Java\src\main\resources\systems\Sepsis.xes,C:\projects\python\Anda\resources\models\Sepsis_4000_SUBSTITUTION_0.4_5_heuristics.pnml,0.6076274294096076,0.8856196503602701,123
C:\projects\python\Anda\Stability_Java\src\main\resources\systems\Sepsis.xes,C:\projects\python\Anda\resources\models\Sepsis_4000_SUBSTITUTION_0.4_5_inductive.pnml,0.17033878413269699,1.0,106
C:\projects\python\Anda\Stability_Java\src\main\resources\systems\BPIC2012.xes,C:\projects\python\Anda\resources\models\BPIC2012_1000_MIXED_10.0_4_alpha.pnml,0.012820512820512775,0.2818708516085072,60
C:\projects\python\Anda\Stability_Java\src\main\resources\systems\BPIC2012.xes,C:\projects\python\Anda\resources\models\BPIC2012_1000_MIXED_10.0_4_heuristics.pnml,0.21776092574776396,0.9782057920993444,156
C:\projects\python\Anda\Stability_Java\src\main\resources\systems\BPIC2012.xes,C:\projects\python\Anda\resources\models\BPIC2012_1000_MIXED_10.0_4_inductive.pnml,0.0747845714579689,0.9933404718439298,240
C:\projects\python\Anda\Stability_Java\src\main\resources\systems\BPIC2012.xes,C:\projects\python\Anda\resources\models\BPIC2012_20000_INSERTION_1.0_2_alpha.pnml,0.00520833333333337,0.17191169308384507,125
C:\projects\python\Anda\Stability_Java\src\main\resources\systems\BPIC2012.xes,C:\projects\python\Anda\resources\models\BPIC2012_20000_INSERTION_1.0_2_heuristics.pnml,0.1300990905806293,0.9745511407946723,244
C:\projects\python\Anda\Stability_Java\src\main\resources\systems\BPIC2012.xes,C:\projects\python\Anda\resources\models\BPIC2012_20000_INSERTION_1.0_2_inductive.pnml,0.036679951232467034,1.0,295
C:\projects\python\Anda\Stability_Java\src\main\resources\systems\Sepsis.xes,C:\projects\python\Anda\resources\models\Sepsis_40000_MIXED_4.0_5_alpha.pnml,0.0078125,0.1295163681573812,416
C:\projects\python\Anda\Stability_Java\src\main\resources\systems\Sepsis.xes,C:\projects\python\Anda\resources\models\Sepsis_40000_MIXED_4.0_5_heuristics.pnml,0.05180839184662267,0.902521820881349,543
C:\projects\python\Anda\Stability_Java\src\main\resources\systems\Sepsis.xes,C:\projects\python\Anda\resources\models\Sepsis_40000_MIXED_4.0_5_inductive.pnml,0.011813096742910978,1.0,611
C:\projects\python\Anda\Stability_Java\src\main\resources\systems\Sepsis.xes,C:\projects\python\Anda\resources\models\Sepsis_100000_INSERTION_2.0_4_alpha.pnml,0.0032948929159802853,0.137420772847216,967
C:\projects\python\Anda\Stability_Java\src\main\resources\systems\Sepsis.xes,C:\projects\python\Anda\resources\models\Sepsis_100000_INSERTION_2.0_4_heuristics.pnml,0.023134000405652055,0.9025215282443797,1127
C:\projects\python\Anda\Stability_Java\src\main\resources\systems\Sepsis.xes,C:\projects\python\Anda\resources\models\Sepsis_100000_INSERTION_2.0_4_inductive.pnml,0.005745205142165366,1.0,1188
C:\projects\python\Anda\Stability_Java\src\main\resources\systems\BPIC2012.xes,C:\projects\python\Anda\resources\models\BPIC2012_4000_MIXED_4.0_5_alpha.pnml,0.011494252873563204,0.2054833379659411,79
C:\projects\python\Anda\Stability_Java\src\main\resources\systems\BPIC2012.xes,C:\projects\python\Anda\resources\models\BPIC2012_4000_MIXED_4.0_5_heuristics.pnml,0.19055378040185278,0.9725003025512005,194
C:\projects\python\Anda\Stability_Java\src\main\resources\systems\BPIC2012.xes,C:\projects\python\Anda\resources\models\BPIC2012_4000_MIXED_4.0_5_inductive.pnml,0.04600896789117437,0.9999790433955815,304
C:\projects\python\Anda\Stability_Java\src\main\resources\systems\BPIC2012.xes,C:\projects\python\Anda\resources\models\BPIC2012_2000_SUBSTITUTION_4.0_2_alpha.pnml,0.0,0.44656505617912606,79
C:\projects\python\Anda\Stability_Java\src\main\resources\systems\BPIC2012.xes,C:\projects\python\Anda\resources\models\BPIC2012_2000_SUBSTITUTION_4.0_2_heuristics.pnml,0.19897771931386465,0.9803127861304282,161
C:\projects\python\Anda\Stability_Java\src\main\resources\systems\BPIC2012.xes,C:\projects\python\Anda\resources\models\BPIC2012_2000_SUBSTITUTION_4.0_2_inductive.pnml,0.052213045042538764,0.999957236570032,313
C:\projects\python\Anda\Stability_Java\src\main\resources\systems\BPIC2012.xes,C:\projects\python\Anda\resources\models\BPIC2012_20000_MIXED_10.0_1_alpha.pnml,0.0010845986984815426,0.10252276126250348,507
C:\projects\python\Anda\Stability_Java\src\main\resources\systems\BPIC2012.xes,C:\projects\python\Anda\resources\models\BPIC2012_20000_MIXED_10.0_1_heuristics.pnml,0.03702635763443107,0.9758200960599954,695
